shuffle_0,shuffle_1,shuffle_2,shuffle_3,shuffle_4,shuffle_5,shuffle_6,shuffle_7,shuffle_8,shuffle_9,shuffle_10,shuffle_11,shuffle_12,shuffle_13,shuffle_14,shuffle_15,shuffle_16,shuffle_17,shuffle_18,shuffle_19,shuffle_20,shuffle_21,shuffle_22,shuffle_23,shuffle_24,shuffle_25,shuffle_26,shuffle_27,shuffle_28,shuffle_29,shuffle_30,shuffle_31,shuffle_32,shuffle_33,shuffle_34,shuffle_35,shuffle_36,shuffle_37,shuffle_38,shuffle_39,shuffle_40,shuffle_41,shuffle_42,shuffle_43,shuffle_44,shuffle_45,shuffle_46,shuffle_47,shuffle_48,shuffle_49
3.5760186,-4.417447,-1.7496121,4.8210473,1.7840642,-0.5475121,-6.0001235,0.12815632,-6.9061294,4.5491195,3.4450104,-5.157492,-5.2826114,3.929254,1.8660461,2.836069,-5.57343,-5.320393,0.47038227,-3.6744413,-4.926786,1.586969,2.4709399,1.1866522,-2.4650788,-4.9972644,3.2850368,-4.86024,-5.823784,-5.4007125,-3.771255,1.2481974,-0.9299286,-1.6067113,2.0294073,3.8162317,2.3974879,-0.7491252,-3.6277611,3.3403523,5.0119557,-5.347822,3.7423356,3.1798546,1.2688264,4.500031,-5.517944,-5.5614343,6.0089135,-5.420924
-3.683183,3.4584942,2.688072,-7.8063664,6.4318304,0.33304393,4.084157,-2.6831696,-6.9065437,-4.4058595,-3.3785665,2.8081832,-6.379511,-3.8321586,-7.2523375,-3.2683797,-2.3887732,-7.66216,3.9827688,-5.404052,-7.465073,1.5736759,-2.9822147,2.5010695,-7.349487,-4.685006,-7.1431146,4.5596123,-0.085136674,4.881105,2.4586492,-5.1570077,-0.86453235,-0.13597947,1.5408107,-4.289765,-3.6009085,-3.0857735,2.7289653,-3.3364654,-5.4920225,2.9385283,-5.2482433,-0.8171796,1.027592,3.7130783,5.0248656,-0.17794947,-7.049549,-3.2848723
4.1630816,-3.5080595,0.043364227,0.094903916,3.4502542,-4.103419,-4.73002,3.9490302,6.4207788,4.0513697,3.5807872,3.1974602,3.4983392,2.537752,0.8618879,-2.5363233,-5.101881,-3.5224338,-0.800976,0.67575043,2.0240722,-2.1200843,-2.6900122,0.7064217,5.59895,-4.218949,0.35360152,-4.938881,5.567836,4.5887246,4.9250555,-1.2119555,-0.587913,-1.4542711,2.0035546,2.8066905,1.7132608,1.3368624,-3.4784167,0.6313206,4.085642,-4.7435627,4.091463,4.0200844,3.076101,4.3603425,-4.510736,6.15755,6.4827385,-3.6597464
3.3442395,3.7636962,-0.63700706,-1.9339724,-0.75257105,-1.4472979,4.5533705,-1.8864739,-5.6005383,-0.41038167,-5.451719,-2.5906043,-3.4772115,-2.2501955,-2.6517956,-1.2974987,2.6101959,3.5390532,1.5039709,0.7002829,-3.1455994,-1.1070292,-3.8830507,-0.5182254,-2.9671419,-4.2782826,-1.7366703,6.7816806,1.4615619,-7.8022604,-2.7685094,1.5189787,1.244413,0.056005575,-1.0537467,4.042861,1.7095346,-0.29439726,2.6073499,1.1689049,-4.614919,-3.01336,4.103023,-0.8442208,2.1329064,5.0451517,-6.2931476,5.66321,6.114383,-6.7411757
-4.525623,4.4250956,-3.0994508,-3.8592274,-1.0914083,-2.35788,4.043949,0.33723256,6.0257697,4.0085435,-4.015465,-2.9493752,-4.196529,-0.12534732,2.4908621,0.10665207,2.341245,2.7407916,-0.32742524,-2.4660468,-4.773443,1.8252511,2.7226326,-4.8924804,3.190384,-6.1338215,2.7348409,-5.724677,1.4299855,5.5397468,-2.4112573,-0.80751264,-2.247834,-3.176012,0.120056346,-5.18168,2.896974,0.91365856,-1.4365332,-3.7048714,-2.053938,-2.9759538,-3.9440455,-1.2913829,4.774523,4.225762,5.304773,-3.4768994,-7.8016677,-3.1035738
-3.951001,4.871702,4.10021,-1.3985232,-0.10135236,-0.37071717,3.9206417,-1.2932612,-6.784925,4.302726,-3.827299,4.0961576,5.04541,-3.5304458,2.9942188,2.8572528,0.82341605,3.1852694,2.247098,0.3325907,-0.41020733,1.9738082,3.532018,-0.6829253,4.1892843,-6.9191575,2.290671,-6.0000343,-1.4737831,-4.9312534,1.7577266,1.267376,-1.5251515,0.82177776,-1.3324488,-3.1613748,3.4520762,1.311497,1.6874473,-4.6145678,5.6773267,3.201744,-4.650051,2.8219776,-1.4116001,-6.271729,-5.90898,-5.307274,4.625035,2.6562352
4.866833,-5.3335886,-1.7382246,-2.3682723,-0.77281725,1.4013295,-3.925037,0.6555391,-5.83664,3.9720666,-3.3555906,-4.3196983,-3.888555,-2.0550141,-2.2367013,-0.8552835,2.7181945,-4.1808786,0.48315775,-0.28799075,-3.526028,-0.68821836,2.8904793,-0.56742644,4.7380567,3.7501698,2.9094553,6.6007996,4.3568053,4.1957765,-0.6892401,-1.5162022,0.86923534,1.934316,-0.18066366,4.235518,1.7300365,1.1381073,1.5676401,-3.599154,-5.1097074,3.9073746,-3.6149,-2.9831493,-0.73039967,-3.8532934,4.314461,6.4198685,2.2472868,-3.736498
-2.6721864,-3.9732234,0.1579157,-4.776315,2.8742886,0.42841643,4.6945295,0.7801995,-5.760529,-3.9230573,4.2269173,-5.330831,-4.981097,3.525885,-4.104029,-4.2851653,-4.4922075,-5.3598423,1.3740062,0.9215428,3.0483403,2.4799023,3.0393276,-0.09690944,-4.6123853,3.4740164,-5.1419015,5.1912293,-4.8966293,-5.2259955,-3.7165172,-2.2257118,-0.96643513,2.951497,1.215393,-2.788095,2.820278,1.9655962,2.5917969,-0.33970425,5.1568327,-4.630392,3.316991,2.5052397,1.758452,-4.4298177,5.107235,4.7542753,5.099772,-5.8331532
-3.4742987,3.8179724,-2.3533819,1.8706596,-1.0366405,1.8556547,3.4141128,-2.7535968,6.1796875,3.9951425,-3.0639486,1.7653027,-3.7674475,1.4371092,3.9004664,-0.17827901,-2.0249996,3.6862934,-0.8138741,0.34693068,-4.7022285,2.522708,-4.651189,3.5084577,-3.34114,-3.900475,-4.7697215,-5.2546935,-3.4643145,4.4622145,-0.031018473,-1.0626318,0.89977187,-1.5964245,2.611253,-3.2973845,4.4762363,-1.9110326,0.50963205,-0.6925012,-6.4019794,-3.2895625,-5.8891945,-1.7320937,-2.6212173,-6.0610275,-5.4153814,-6.7169223,5.6933827,3.3966248
-3.9524066,-4.743782,0.9706116,2.82023,-1.3616009,1.6846073,4.7250834,0.8520151,5.92928,4.170114,-3.7309263,3.2255583,-4.531947,2.3380928,-1.1831305,0.6271299,0.5548693,2.8823214,1.3859444,0.3907693,1.826747,5.7333336,3.6299593,2.3310149,-5.3979893,-3.1485684,1.6782893,6.38985,-6.3974485,-5.5957737,2.9011493,-0.5943218,-0.014828578,-0.91547763,0.2728145,4.901595,1.8419247,0.3494577,2.8612812,1.5499519,5.546555,3.0155225,-3.8504775,-0.35117412,2.6200492,4.84888,5.197922,5.632646,5.454608,-3.0076516
3.2607436,4.283512,-1.8906821,-4.6344485,-0.627075,-3.7683003,4.158973,-4.442687,5.5974345,4.144071,3.8135235,3.5663853,-6.1322575,-3.5204926,2.7108037,-1.540625,1.5587348,4.208076,-0.5311705,-4.8464985,-3.9754663,0.70508736,4.140604,3.0926445,-3.8625855,3.6838844,4.7713394,4.60565,3.0360496,3.90038,-2.9895155,-3.049954,-1.8968045,-0.42934418,-0.5704748,4.2180934,-3.9293952,0.39348146,0.6619518,-4.1591377,5.4614844,-4.851495,-4.7701726,4.192355,-2.6457145,-5.302704,-5.6759353,5.2862687,-6.174389,3.731382
4.270574,4.5439577,-0.34134358,2.281578,1.652824,-1.0386449,4.003261,1.0456214,5.7932587,4.4569187,4.4478946,-4.520126,4.9945807,3.5970256,2.3605115,-6.052975,3.1802444,3.1785965,-1.7420096,-3.2628713,-2.7835207,0.12716876,-4.199129,-1.1738187,3.9591172,3.5898237,2.639806,-6.797199,-1.3992717,5.164008,-2.832463,0.59874713,0.2827286,3.8822508,1.8308593,3.4155514,-2.161102,-0.11035427,-1.0298063,-1.8272059,5.1376204,4.8143086,-4.842132,1.3040718,-5.635686,-5.1621222,5.2358584,5.214217,5.383996,3.554622
4.4010415,-4.2068777,0.078113794,4.501078,2.9533823,1.1706318,-4.6322236,5.9693203,5.990778,4.2203217,3.9659388,5.361121,4.471926,3.95476,-4.060918,1.3863878,-5.352124,-4.8371925,-0.65411323,-1.7220128,-2.5016499,-4.6669974,3.2047575,-3.5344698,4.0299754,4.867158,-3.6636558,-6.063048,1.9373147,4.5046296,-3.6259367,-2.6000962,1.2492808,2.228703,2.3711088,-4.899254,-3.299931,-1.6614442,6.24092,2.0945745,5.486147,4.4032817,-4.490638,2.7104194,-5.0083632,5.23272,-5.7337604,-6.539222,-5.8700595,3.4547532
-4.0246987,-4.513364,-2.3211658,1.371746,-5.6890407,0.8617289,-4.8250604,-2.8437912,6.3337674,-6.2698746,-5.164077,-5.677005,-5.081586,-7.0522842,0.15892345,2.446272,-8.435097,-4.163412,-0.9263562,0.61075604,2.4742486,-4.15484,3.8683975,-3.1475983,-4.245422,0.08605875,0.545551,6.115954,-2.2728324,3.690948,-5.081681,0.82908446,1.1564422,6.1541915,1.3550819,-4.865603,-4.3332467,1.3484261,-1.9505656,2.9024448,5.1869116,4.294393,-4.7105513,-3.4334369,4.125578,-5.4441566,4.669829,5.820879,-7.2759047,3.704949
3.475831,-3.9730608,2.5675368,-3.2391062,-2.1292286,0.5650545,4.7511444,-3.2058518,-6.446847,-6.306436,-3.6860242,1.5487537,-4.2117968,-3.7726607,-3.367774,-3.7459607,-4.389795,-3.4444842,-2.2296574,-3.8244534,2.2868986,1.8836263,3.497048,-2.3180187,1.7445095,-5.0122085,2.3791635,-5.241611,-2.3449562,5.0160947,-1.7083896,-0.12235544,-2.3112674,-0.66202664,-2.0628576,-3.8609402,0.8266843,0.47146112,3.71257,-3.01233,-7.0122104,-3.885298,-4.527182,1.1939201,-3.5204372,-4.570342,5.010699,5.2359705,-7.0595856,4.249004
5.060785,3.162626,2.278889,2.1743443,-3.4388013,1.1565806,4.550436,-1.4198472,6.749261,4.63825,-0.15567851,2.9210076,4.6658983,2.7975943,2.6520882,0.4022132,2.2359836,2.699265,0.81157625,-3.3683681,3.3777761,-2.2638257,-4.6613293,-0.6125597,2.940203,4.563322,-3.2089703,-5.8087783,-1.8115127,3.8623862,-1.9384037,-0.37508315,0.2125082,-0.7045837,1.0006986,-4.914118,2.768865,-0.29001978,1.8732084,-2.3525171,4.754427,4.8252482,3.6629298,2.3433917,2.75961,-7.4981413,-5.8149137,-6.7202654,5.308782,3.3738623
0.23814163,4.866235,-1.2892807,-4.46442,-2.4124997,-3.0531502,-4.2123995,2.3969688,5.727268,-4.500757,4.990675,0.014209211,-5.278743,-3.4245415,2.9386332,-3.0626452,-2.9341311,-3.968585,-2.3861742,-1.3783909,-2.6119082,2.7213879,-4.8963327,-2.9620264,4.1655397,-5.2835636,2.5036888,-6.1027517,3.5568247,-6.288159,2.2743194,-1.1424048,-0.23876652,-6.791356,-0.33803576,4.4979305,4.246725,-0.10646955,-4.3198514,-4.077336,-7.084048,-4.6212015,3.8587859,0.9773795,-3.776902,-5.68985,-6.839719,-7.546285,5.6608014,-3.929022
4.2667947,-3.9786966,3.3025658,-4.7860866,-1.839114,0.4950238,3.677879,0.5371151,6.2349024,4.627443,4.1114616,-3.7715092,4.03158,3.048868,-3.4482553,-3.344435,4.244881,1.6663936,1.2969663,-0.10392505,-0.5598955,-1.9777665,-2.913137,-3.450318,-1.8278387,3.2549157,-3.147115,-6.816933,3.4635231,-5.183398,4.0841794,-2.0729294,-0.8249656,0.7300996,-1.0217485,-4.794979,1.0290205,-0.16819179,2.2571242,-0.18614241,4.855999,-2.7907884,-4.6708574,2.6569247,4.680866,-3.9039123,5.155607,-4.973933,-6.4988174,-4.9025054
3.8188527,4.23481,2.8588965,-0.37955073,-0.38735825,2.0691319,-3.4820638,3.756101,-6.8873806,2.869447,2.481898,3.937962,4.668786,-2.3184154,2.7947545,4.6951113,-4.4816895,-1.7995547,-2.0809567,-2.769994,2.222456,-4.752874,3.3995275,-2.6637857,-5.072051,4.154936,2.1706188,5.9455314,2.8987238,3.2526119,-2.560919,-0.23319739,-1.5704193,-3.8431585,1.1387522,4.1076107,2.0233407,1.535479,-1.4060732,2.699417,-6.957308,4.2899103,3.1670163,3.8701963,-2.9294643,4.229747,4.934154,-8.528321,-4.382802,4.148835
4.5804124,-5.3534374,-1.9462904,5.1875534,4.154151,2.440383,-4.6690946,-3.3521194,-6.6866746,-4.11376,-4.4729753,-5.114377,5.0141587,3.8634682,3.4171815,5.811411,-1.2112938,-5.0390067,1.6819334,2.1641533,2.9111836,3.7455168,4.6703863,2.9221644,2.3932705,4.300355,5.308733,-8.32125,0.31721964,4.7983546,-4.248004,2.6644113,0.57802665,0.18788576,-0.07123084,4.675936,-4.2983336,-0.1680105,-0.3150386,3.4964106,5.2450113,4.9271092,-4.239763,-4.4038887,4.0145764,5.046716,4.3763742,-5.80662,-6.1091585,4.2866945
-2.4571748,-5.2187996,-0.5974263,-2.9270678,-2.1077473,1.8067647,-6.8014503,-0.73557013,-7.757318,-5.031761,-4.5157413,-2.3325152,0.23836787,-4.468908,2.923196,-4.2036815,-4.2785883,2.2138367,-0.22849433,0.40305644,3.5101638,0.74255645,2.8777025,-2.805039,-2.0066257,-5.1453357,-3.6724844,7.1008153,-6.1982355,-5.1647315,-4.7207627,-0.038161404,-0.31167248,-3.6665323,0.015585884,4.618733,-4.656447,1.4428356,-0.6972136,2.7894971,5.607188,2.7764795,4.112946,-3.9601247,-5.7925916,3.3578598,4.4420705,-6.018175,5.4790463,0.08382918
0.12739488,-2.4544203,1.4217621,-3.077738,-0.75115806,-1.6996603,-4.2266736,-5.5042267,6.840353,-2.3816366,-2.0760994,2.0261378,-5.1275206,3.9332132,3.0694602,-4.1807165,1.8303438,-4.2266946,0.31243908,0.7740597,-0.56726587,-3.2417698,-3.9682248,1.7751514,3.1182137,-4.4854584,-4.7796984,-5.934462,-1.9959321,-3.6004493,0.3546452,-2.338514,-1.4138223,-2.717027,1.2525847,-4.9390154,0.08397938,-0.39741513,-3.303744,-5.6957445,5.355033,4.4180455,-5.251254,-0.37515306,2.6914756,-5.908294,4.890384,5.108081,-6.4963064,4.229942
4.3798437,2.570121,1.6463045,0.5338992,-3.135571,2.5009375,4.384239,3.197317,-6.1793337,3.5470526,-4.333962,3.7251787,-3.928986,-3.5165153,1.439105,-3.2787745,2.4839454,-3.795182,-0.99718964,0.4615032,-1.480907,-3.8865478,-2.8831708,5.233565,-2.6882007,4.9986744,4.3976374,4.4256043,3.957791,4.370669,4.355556,2.9747524,2.9118655,1.9059149,-0.7938656,-4.2439823,-2.2311294,3.0728414,0.929341,-1.749806,5.8567615,-4.944966,-5.529285,-0.22055858,6.220537,-4.5893683,-5.644109,-5.6292567,-4.564595,-5.6513176
3.9396896,-4.2459593,-2.076186,4.825901,-2.7190266,-1.1671284,2.745843,0.84018636,-5.4886827,4.174234,-3.895956,-3.373054,-4.151884,-3.8320236,2.2655504,0.8982603,0.42596087,-4.0294194,-0.03526096,-2.062576,-3.980874,-0.09274136,3.0113125,-3.1374168,-2.9485452,3.9533272,4.801607,5.7923617,0.66541535,-3.7301471,-3.6990073,-3.412779,-0.18959832,3.6431308,-1.0854745,-3.7789416,-2.3712702,-1.1189255,-1.8003774,3.4912815,-5.099294,1.6742432,3.6174002,0.55663395,0.86749053,-4.864941,-5.1033683,-4.9584246,5.158359,1.8773572
-2.9663537,-3.7234418,0.625271,3.3222392,-0.0025610402,-0.8170195,3.6154532,-0.38839376,-6.440864,-3.979686,6.376377,5.858298,4.463052,3.6859715,-1.0208926,1.5430717,-0.8116528,1.3193209,1.1646494,0.5083075,-0.43299997,-3.1628423,-5.738369,0.66160697,-3.5959418,3.0088785,-2.1433003,0.14059654,0.9499059,-5.3417554,-3.0654035,-0.47408125,-0.21554932,-3.371408,-0.9499193,-4.3267684,-1.6154988,-2.5108166,-3.2940617,1.913127,-5.3652973,2.0535455,-5.420267,1.7650971,2.8235457,4.3173203,2.7441947,4.868016,5.3068023,-4.9050374
3.2610514,4.35205,0.5606126,-2.2187583,-1.5442933,2.2480009,-3.9565449,-5.1720815,6.0016994,4.3918433,4.3079486,-3.8664632,4.9804034,1.9070127,-2.1678684,4.0474243,1.1564345,2.235606,-2.2602124,0.6054132,1.6591209,2.0389504,1.2020031,2.6300893,-3.2060323,3.7478185,1.5255765,6.4399376,0.9374467,-4.1593385,0.49412516,0.9940883,3.8325486,-2.1400678,0.048742454,4.1682153,4.2348,1.13436,6.001507,2.314463,5.4783044,-3.2750602,-4.1992583,-3.375059,5.321949,5.018395,5.238224,5.6224093,-5.891535,2.199784
5.242825,-3.7353444,-0.44884062,2.4794586,1.919346,-1.1417553,-3.6515832,0.9856026,-6.421097,4.285658,2.5055609,3.3824449,-4.7023644,3.047935,2.0088658,1.1854382,1.5816672,2.4730577,-0.35522658,-1.4560742,1.8804587,0.5496215,2.7171795,-1.7668428,3.5135477,-5.1090155,1.5983386,-5.7538905,1.0890268,4.2184777,1.617837,0.7488043,-0.80832916,0.7559071,-0.3885172,4.0130367,1.1078453,1.1768734,-0.16383672,0.9573163,4.571543,3.403714,3.9245768,-1.5617813,3.4973123,4.260968,5.5831203,4.971514,5.4774165,2.919966
-5.795399,-4.668784,-3.257993,3.136488,1.6589477,0.9213128,-5.4910245,-2.410231,5.7518735,-4.98964,-3.2631295,3.5807648,-5.750462,-5.6593823,-5.25074,2.9273574,-0.10006327,-4.670298,0.72412026,-4.0477,-2.6617875,2.5946329,-6.3891573,-1.4331005,-1.9114056,-4.808043,-2.9712508,6.19489,0.0371724,-3.1464343,-5.1965957,1.8544269,-1.1426343,0.028766796,-3.117341,-4.837784,-3.5727751,1.7515725,-0.43832883,2.3376853,-4.829923,-4.1001787,4.2532635,-2.737634,-0.27812183,-5.843373,-4.707,-6.922191,5.921279,-1.9297545
-6.0358057,5.3008204,-1.0499693,1.2123157,-2.7128994,0.8921927,4.1808267,-0.86280715,6.6898575,3.645018,-2.4063113,2.9159217,4.4573364,3.1255836,-3.607022,2.4687645,3.295407,-4.598704,-2.3432238,1.1347384,1.2281204,-3.7432206,3.7397764,-3.8384426,3.0933712,-3.956808,3.5274343,-6.0072165,1.41405,5.090264,1.9597242,-0.020818196,-1.1177241,-0.95830417,2.3263023,3.8803406,-2.0394948,-1.0408431,-3.9725623,2.8875906,-5.287046,4.316922,-4.137362,3.2503734,2.401313,3.8313556,5.765952,5.483692,-6.019533,3.6200368
4.479426,4.67498,0.21380757,-4.545808,2.602991,1.8114052,-5.2658134,-3.2223983,6.437248,4.0554705,3.8428736,1.8715136,-4.73428,-4.1385694,3.0774627,-4.0719004,4.623938,3.4557683,2.1756575,-0.71073306,-4.693899,2.488413,-3.7231855,-3.7379258,-4.1867332,4.4305716,3.6296773,-6.2861958,2.8055942,4.900427,3.622825,-0.12495648,0.9439851,5.675101,1.654089,-5.2767196,5.8651404,1.2899802,0.6099666,-1.8894771,-5.741697,-4.9606767,3.5041194,2.365992,0.6802049,-6.228835,5.6998234,5.105895,5.4145584,-5.312624
-5.222085,-3.5223317,0.6417244,3.8116612,-0.33446556,1.1795036,4.496726,0.997734,-7.3682323,4.3257594,3.307353,-4.000057,-5.0814743,3.212089,1.1490396,4.2002287,-4.3557296,3.7695088,-0.13654803,-1.7435787,0.913674,0.28127164,3.0533328,3.2737024,3.0117412,4.239235,-4.0180526,-5.3535094,-0.7579503,4.6292367,3.992392,-2.7891028,-1.934754,3.1582403,1.1426069,4.203273,-3.7819033,1.0184466,-3.132236,1.3414406,-6.4095283,3.8443747,3.0045037,2.0558047,3.2497644,-5.3144317,4.3122253,5.239352,-6.7210107,-4.4924293
-4.1552076,-4.115074,-2.13022,-4.0441427,-3.442953,-1.9500774,-5.62519,-2.4698942,-6.280688,-4.7232056,-4.6261315,-3.5385423,-5.476809,-2.3424692,-4.3503637,-2.330942,-4.861852,-3.4958324,0.98061126,-1.8639193,-3.1212652,-3.9787204,4.47613,-4.606751,-4.700912,-4.278559,-4.6247077,-5.4311986,-1.5116789,-4.9049296,-4.5177097,-0.88119954,-0.3750606,-2.1437378,-1.4279826,-4.7272086,-3.7966533,-0.341158,-1.6089457,-2.7010293,5.76829,-3.7246423,-4.462546,-5.373328,-4.9544177,-5.29638,-5.3235664,-5.524812,-5.571827,-4.4567714
3.2945116,3.5661848,-1.6756864,-1.7345556,0.9090002,-0.7435453,4.622595,0.6875237,5.468661,3.8565598,2.6023788,3.5983982,4.9255404,2.6154275,1.8022584,1.4677721,-2.2928913,2.3178825,1.4035445,0.1786698,-1.3602477,0.71943104,1.9273486,0.74229014,4.189652,3.821741,1.9025944,6.564987,1.609913,-4.654488,1.8041768,0.30496818,-0.51617116,-2.0902834,-1.1304592,5.1904497,2.2161942,0.20036945,-1.971298,1.1759444,-6.1425586,3.20216,3.88495,-3.6819506,3.0182161,-5.093176,4.8312135,5.3128266,5.230996,2.9409363
-3.6928325,-5.6538153,0.24861024,0.5481068,0.8809704,1.9152707,-4.6886973,-4.842856,6.292469,4.0698266,-5.313651,-4.360473,-5.8083377,-1.8128935,-1.7299708,-4.766931,3.1363053,-4.969585,1.1166623,-2.861912,-3.2194307,-2.299485,-2.9739747,-0.4118389,-2.7822108,-4.8903127,-1.1344165,6.5195947,-0.7228561,-3.110528,-0.6259148,-3.634008,-0.71299076,-1.1521423,-2.1677868,-4.4728074,6.5304294,-2.0142891,-3.019259,-4.83855,5.1037855,-4.3913307,4.296055,0.8788795,0.18584359,4.2256703,4.8232694,-6.0183263,5.3958936,3.5062695
-5.618415,-4.6946497,-1.1407539,1.5104666,-2.711389,-0.47449905,-4.988485,-2.6871507,6.675496,4.120167,-4.0952487,1.3883859,-3.2364361,-0.5471944,2.9526439,-0.22954407,-4.8312006,-1.3394367,-0.5082775,-2.4036686,-1.9993172,-5.709995,-4.9339743,1.0701103,-4.6538377,-6.728994,-6.185084,-6.3847604,1.5450426,4.5678744,2.965418,0.3739194,1.3344681,1.58178,0.5214911,-4.789567,-2.59913,-0.21037099,-4.4316487,2.0530274,-6.745264,-4.158215,4.9378047,-2.8024225,3.3604002,6.1669183,4.7102065,6.977827,-5.4070563,-3.8304994
4.60371,3.7007165,-0.92383724,2.2487302,2.1573098,-0.1766237,4.775603,-0.6795931,5.3976016,-6.1227975,3.0144117,-6.173186,4.532928,5.7841487,3.3865192,-3.7810478,1.0470289,-4.2354674,-2.314505,-2.6756074,-2.4747057,-0.6086362,3.404431,1.9587113,4.452115,-5.5417414,-2.0714142,-5.1689067,-3.4910383,-5.584955,1.1308773,0.5850184,1.5617625,-2.5875075,3.704994,-5.340838,3.1888926,1.0336357,2.9609299,3.684414,-5.846212,-4.356304,-4.325563,1.3721579,-2.566157,-5.3023615,4.658978,5.6304693,-4.8231015,-2.9834409
3.4578817,4.5105743,0.6989806,3.768019,2.1452563,-1.3319569,4.3625693,-0.9671736,6.2544994,5.24461,0.21801108,2.3122158,-4.3726397,-4.9252124,3.0130455,3.547538,3.656844,3.5798104,-1.8628945,1.180284,3.5475028,-3.9071238,2.721573,1.055149,-5.0675993,0.44253147,3.4647188,-5.5387774,2.545316,-4.0201616,4.369529,1.8633142,0.74292445,-0.8224596,0.91995853,-5.5439897,2.216743,0.88824546,-4.2131805,3.8739321,0.8185041,4.710032,-3.5481696,-0.67264193,-1.3726788,-4.4902267,-5.234119,6.635519,7.612832,3.956483
-5.237434,-4.057702,-3.4154117,-3.5968564,-0.54342365,0.9778389,4.0826707,-1.6982489,-6.6052594,-7.432762,-3.6647518,-0.6854192,4.714749,-6.2504296,-3.715067,-2.031343,-0.85522354,2.635796,-0.9171243,1.5194541,2.8891566,-3.4468482,2.677249,-2.4060001,2.539597,4.475478,-5.8403788,-6.3024545,0.78262216,4.3280087,2.8623936,-0.73798233,0.55539167,-3.005445,1.6336455,4.360776,1.5156128,0.67416626,1.4129816,-2.2635953,-4.8165436,3.6493256,-0.5714396,1.8741022,1.5747409,-5.844729,-5.861849,-5.664198,0.07570295,-4.1439333
2.556384,-5.03545,-0.36699384,-3.045278,-2.4260716,-2.009676,4.264154,-1.6016738,-7.478348,-5.4805655,-5.3961816,-1.642852,-5.823722,3.6729798,2.8273675,-0.22018895,-3.5390093,-2.9747796,-1.315701,-0.41929626,-3.2129025,-3.7450728,-2.5065305,-5.0528436,-3.5116405,-5.592465,2.9710047,-5.3851323,1.4765824,-4.8113084,0.23051748,-0.77161187,0.34396565,-1.0473266,-2.6085112,4.0513115,2.3026984,-1.7425232,4.408374,-0.6177155,-6.317643,-4.795696,4.1127253,-2.4524088,-5.748125,-3.869623,-5.993497,5.1092086,-7.1082907,-4.830075
4.1930313,4.0902777,0.46138543,1.7153813,-1.4295655,0.9805263,-4.3462725,-3.1046412,5.1936364,3.9628558,-4.541405,-2.2165155,5.817061,2.1656997,-3.2977092,-2.9511335,-3.136319,2.8608341,0.6137164,-2.7070413,-3.0483904,-0.8557391,-3.5822632,-2.307776,-2.2598164,4.2345004,1.7325448,6.3514447,0.7925208,-3.7501488,-3.604586,2.3583183,1.0970215,3.5855148,-1.3585888,-5.5160832,-3.4419303,-1.8693513,0.061182342,-3.4497335,4.8581276,3.8420541,2.3836994,3.6249013,-2.636045,4.5131392,5.5559916,-5.8491187,7.026398,-4.168245
4.1249595,4.9186716,0.8616671,-3.9162152,-2.2063785,-3.2121346,4.8211255,3.0272157,7.120879,4.660161,4.21887,-5.581562,5.4257956,-4.0279446,3.3571434,0.79211843,3.1454923,3.6179755,-1.296685,0.46978718,2.9598796,-4.1654544,-3.3558803,-0.75758946,2.6205966,3.987489,2.9630482,-7.053556,-4.4432106,3.830648,1.2823625,2.5293381,-1.6435306,-2.7945716,-1.9379936,4.4427724,-3.7214236,1.1143361,-5.108754,2.124062,-5.6906347,-4.5753307,2.9632058,-4.0630207,-4.7075605,4.6778035,-5.2479944,5.684156,-5.2913218,-3.8533442
-6.466497,-3.3998983,0.5205443,1.1607648,0.21391723,-0.4450062,4.321764,0.35662562,5.7642,4.049976,3.5971284,-3.0068302,-4.5231857,3.219074,3.244806,3.715093,-2.230262,3.2005677,0.6323323,-2.1700351,-1.3745046,-0.64902914,4.3425384,-1.99195,2.6982713,-3.947649,2.0207038,-7.183707,0.6306036,4.4370046,-1.891867,0.5520973,-1.0635031,2.584393,-2.1294842,-3.945311,-2.993587,-1.785549,-1.4524064,-0.8034601,-5.1719985,-3.7971022,-4.671118,-0.21770284,0.83682865,4.441578,-6.6487007,5.507408,5.6326423,-3.496649
-4.3676486,-5.030798,0.128504,-3.7984276,-0.9195642,-0.61061984,-5.976107,-3.0191061,-8.088796,4.5141363,-4.809187,2.4478545,5.003236,-3.8006516,-2.7148845,-5.080194,-5.8192716,-3.9695268,1.39739,-0.43823934,-1.4643939,-4.528708,3.6909919,3.6286628,-1.3295333,4.27581,-3.8866572,6.7971954,-1.6125717,-2.6284995,2.527181,-2.9969635,1.1229539,-1.8710873,-2.4424372,-3.9604053,-4.8965864,-1.8365487,3.400903,-1.1172303,5.108649,5.597258,-2.5788,3.395331,2.3836646,4.7338915,-0.48258415,4.981133,-7.4858274,-1.9559553
-2.8577058,3.604936,-1.8011793,-1.9470379,4.866898,-0.42625922,-4.28197,-1.0284979,6.191068,4.9105887,-3.6973088,3.5390735,-5.8488784,-2.5971746,-1.6451972,-2.4364588,-4.665172,-2.106666,0.04114871,-2.6287386,3.4104505,1.2370365,1.7007245,2.0594983,-2.1888006,-3.6772985,2.5380912,-7.441747,-1.1610842,3.92338,2.6211836,0.40800175,-1.9513088,-0.53059053,0.38715005,2.9810534,2.5814748,0.78131586,2.3107746,0.82717276,4.5850606,-3.0240312,4.0089254,1.3066895,-1.2173488,-5.4968576,-4.978261,5.6707544,5.8281713,3.80305
2.556222,-6.097764,0.3027697,-1.6044245,-0.42501742,-0.38456047,4.034473,-1.5232078,-6.643507,-5.5895295,3.7098203,3.14463,4.5053244,3.8008494,-1.5227265,-3.3110511,-0.22245228,3.1516917,0.5894108,1.7194011,-1.1820661,-1.8861991,-3.72707,2.6546574,4.1520967,4.1983156,3.5925574,6.602539,-5.7780743,-5.5227003,2.229667,-0.81934416,1.3332232,-0.11283436,-2.760725,3.887711,1.881134,1.5585467,0.46636993,-3.3827462,-3.9036381,3.9952674,-4.6967645,3.4301336,2.9223053,-4.2797422,4.8410625,-5.991004,-6.492972,3.712809
3.8091452,-2.705313,0.2963249,-4.7996225,-3.950235,-2.0698762,-6.3631105,-4.089557,6.888642,-5.0274515,2.5333815,3.5496664,4.1402,-5.4916043,-3.5625865,0.66888744,-4.5917735,1.7398133,-0.8015583,0.6754233,5.122033,0.66992617,3.2676466,-0.18403208,3.3371885,-5.0504527,3.3437505,5.950789,-3.6653852,-4.5440383,-3.1242032,-1.6053381,-0.39954048,-2.526035,0.830045,-4.5850377,-3.0477407,-0.92570835,1.7154646,0.75561094,-5.48105,3.1406002,5.7484856,-3.963126,-2.1312509,4.2126794,5.505847,5.0801816,-5.9756227,-4.54287
4.2023196,-4.264827,-0.43960953,-0.027015701,-0.061760537,-0.17268062,4.1750493,0.1399292,6.257578,3.3344207,-3.910963,-1.7744277,-4.341848,-2.8803926,-3.0573032,3.7448416,-2.4477353,2.6729589,-0.07618725,-0.42622495,1.6800991,0.9350987,1.9886146,0.70933324,-4.1625543,-3.9882722,1.648673,-5.2338843,-1.7726915,-4.9381332,2.763953,-1.9104373,-2.0970483,1.8189732,-1.3754547,-5.993467,2.5600543,0.22356072,-4.546056,-1.5974286,5.624309,3.798518,5.817707,-0.18734652,-1.5392027,4.91985,-5.032563,-4.064902,5.9544263,3.4908319
4.0403666,4.223323,2.3214734,-1.647657,-1.8412745,1.5416859,4.0697803,-3.3825445,-6.0019794,-6.1536694,2.9436696,4.0659795,-5.3259387,3.9654794,3.1538382,-4.986278,3.097137,2.4278455,1.5280746,-0.6576569,1.2898282,3.7050264,-4.640406,2.5021076,-4.4026895,-4.521649,-0.054834172,6.199069,3.9385982,4.78586,2.0854585,-1.7470846,-0.027073361,-1.0287653,0.6320668,4.3372893,-0.43027282,-0.5261018,-0.36757222,-2.4172325,5.5357504,-4.162235,-5.329176,1.776793,1.9559847,4.924102,4.7928534,-6.287471,8.631936,3.6109073
3.695457,4.2228136,0.6587817,0.90488446,0.7517609,-0.3054014,4.413758,-2.0005264,6.083217,-4.401175,3.7003574,3.2024236,4.55311,3.3301795,2.0742373,0.20759502,-0.39392775,-3.8468523,0.3097406,0.595662,1.7738906,-0.04281185,3.2462656,0.7178089,2.2422664,4.23991,2.3031309,7.425407,1.3187842,4.3279533,-3.7624223,-0.33754352,0.4498654,0.5559556,0.56433946,4.076101,-3.565676,-0.6104072,0.41588026,1.388389,5.6312475,3.516397,3.9275515,0.29012808,2.2204423,4.475766,5.345422,5.532687,5.226543,2.5285137
-3.5016863,-2.2423053,1.2663541,-1.2655222,-1.743984,-0.8554899,5.4850206,1.2057484,-5.2894163,-2.9902935,-1.1999172,3.6868243,5.4495997,-2.1483586,-0.008726679,1.0747037,-3.6704679,-4.997334,-1.4687339,-4.444592,2.5968742,1.1439329,-4.5066237,-0.2889313,3.107604,4.651045,3.0996985,-6.4072003,0.6041425,-5.448542,-0.56295854,-2.4920008,-0.20650306,2.2283583,1.2597284,4.509061,-3.3871896,-2.1342533,-2.9833658,-0.8164637,5.2417808,4.311079,-6.400289,1.2837845,1.9493963,-4.300224,-6.6513777,5.439852,-7.55003,-4.7100263
-2.5513694,-5.18371,-0.5982545,-0.007642165,1.9629085,1.045705,4.9486775,-0.32273245,5.6285367,-4.95112,3.623907,4.0139294,-5.371073,4.1020074,-2.1042297,1.2433051,1.5793984,2.8883731,-0.32621366,0.9795951,1.1961575,-2.3855197,3.954695,1.677112,3.065838,-0.4083671,-2.6300988,7.5743685,2.7888734,-4.256854,2.2881136,1.2857103,0.22769704,1.2113707,-1.0475422,3.4916186,-1.912168,0.73784655,-1.1196585,2.297092,5.3046284,3.1332865,4.461434,-1.4626064,4.268977,5.0656257,5.0717187,5.508205,5.146419,4.159022
-4.794028,-5.4968967,1.2030953,-2.411781,-2.79646,-0.6577689,4.660437,-4.43069,-7.6797857,-6.4011126,-4.0093555,4.072965,4.6693406,-3.9916759,-2.8401508,-4.6150537,3.6641858,4.3082094,-0.50991535,1.270706,2.9900305,-4.398996,-4.046373,1.8012872,-3.450042,4.3579655,-3.6632004,-6.7694035,-4.083795,-5.093675,-3.554266,-3.3263,-2.391209,-1.1841335,1.0728054,-4.2934575,-4.5775824,-0.1849652,-2.8107095,-2.8194897,-5.819725,-3.3775344,4.9255066,-3.7094026,-3.7470124,-5.55597,-0.21627659,-6.859621,-7.0206866,3.8270357
-5.1017327,-4.2553034,-0.62010765,-4.0689464,0.84285825,-1.0054727,4.4790635,-1.8236704,-8.179255,-4.679203,2.069643,5.9349737,4.643898,4.2443185,-5.1882243,-4.744747,3.9390626,-4.4920297,-1.391089,0.8620587,1.7831949,-3.9188583,3.0186064,-1.161427,-5.5740123,-4.855292,4.5843916,6.366003,2.402392,-6.21306,-6.0022616,0.6222601,-0.07895141,-3.1465402,0.3413508,-5.428385,-1.0827899,-0.42314497,-4.0036244,-2.7779856,5.282298,-4.597271,4.1528387,-0.11143386,3.0102198,4.6072903,-6.070964,5.537474,5.2328844,2.5088618
-3.8557813,2.7503855,-0.8713005,-3.8168495,0.15207776,-0.026854336,-5.781139,0.3789953,-6.0112042,4.2461143,3.2279775,2.823648,4.3155646,-1.8979585,-1.0980676,0.9832749,-4.191536,-4.555934,-1.5938629,-1.4638896,-4.4349327,-1.0298586,3.8584661,0.7446318,1.8845541,4.2028837,-1.0149394,6.3623385,-0.77301586,-6.8545866,-3.375475,0.46966553,-1.3089243,-2.5632234,-1.0086639,-4.656708,-1.5820124,0.37929204,-3.9171157,0.9554783,-3.8133855,-5.0255938,-2.8823946,-1.6159203,-2.9390984,-6.6525116,-4.79183,-7.239962,-7.76007,-2.4082818
3.0979812,-6.0869255,2.5468493,0.77895534,0.3997687,0.8531597,-5.871267,-0.3805669,5.9674983,3.7452,-5.184993,-1.2169055,-5.325053,5.007322,-4.1612797,1.3119775,-3.2754562,3.834595,1.1196936,0.4205119,0.6131415,3.834998,2.2521331,1.9777292,3.63378,-4.6877403,-5.194758,5.844743,-2.1292143,4.084971,-4.663004,-2.512809,0.77243847,2.4274864,0.9272495,4.505389,0.09724209,-0.5862845,2.3294854,1.0685179,5.6124153,-5.2624946,4.249428,0.64901894,0.3210862,4.2407956,4.5481343,4.928466,-6.5361705,-4.66471
-5.7853904,-5.6454477,-2.6446965,-2.780977,-0.79416054,-0.04426717,-5.1039305,2.7363043,-6.8254967,-5.199058,-3.3585615,-3.03609,-5.793009,4.456663,-3.4657254,0.59363186,3.3928263,-5.855802,-2.3447053,0.16648498,2.6218958,-2.2251134,4.1014266,-2.0031855,3.7795415,-4.712522,-4.016186,5.3726974,2.3265114,4.0953207,-3.759478,0.6566732,0.10817111,-4.038607,-1.970991,2.9819942,3.5554109,-1.3528476,3.2917666,-2.506491,-6.8562922,3.3619847,-2.8662534,-0.23110384,0.24297741,-5.5230355,5.605758,5.4999785,-3.3321376,3.5456662
3.6188352,-5.100235,-3.4719625,-3.497032,1.293203,-0.25253242,3.944659,0.34557337,6.054462,3.6688838,-3.9980812,3.3078642,4.6082296,-2.0697358,2.4087424,4.19768,2.3699102,4.08928,0.63131744,-0.58928907,2.9363348,-2.8699791,-3.9810498,-2.0740216,-3.8434446,2.5795722,2.2646945,6.181423,4.5231113,4.4789143,5.9434295,-1.8387566,-1.1387528,0.5412526,-2.310314,-3.8952308,1.4610109,-0.5864023,1.4188942,-2.3345895,5.306184,4.05035,3.916402,1.1051377,-2.8876846,4.765081,-6.2128105,-7.1006374,5.9026937,3.5578241
2.3182878,-3.3232672,-0.056750387,1.696584,0.5717998,-3.1668835,4.7559896,1.2616222,-7.2787642,-3.7885725,-2.3258991,-4.325195,4.71892,-0.99692005,-0.7370914,-5.6514125,1.2831889,-1.247403,-1.7881908,-0.9558818,-1.5340046,-0.13051507,-6.184123,-0.3407952,-4.4846992,4.649748,2.9481907,-7.0717435,-2.652636,-7.484899,4.012975,-3.1924496,0.3877892,0.1564945,0.2836085,-4.5594544,4.4794917,-1.0296137,1.8825914,2.4951906,-6.149007,-6.1329665,-5.647847,-5.2786055,-1.623643,5.124107,0.38814965,-5.8293185,-6.005632,-2.6412716
-4.891209,4.0635805,-0.6444832,0.7682234,-0.66450465,0.082204156,3.6862595,3.31812,5.822902,4.066731,3.3578966,2.7027245,5.0734773,2.9334564,2.331664,1.4749361,1.2036508,2.9046597,3.6409838,3.4452906,1.471092,3.1071599,2.7428615,1.9953302,-2.7636194,3.6476364,2.148862,6.102408,0.5156884,3.7577748,2.808075,3.8434489,0.40561026,0.20469904,0.32188678,-3.8575478,2.7765267,2.885553,1.9987606,-1.1376027,5.2008758,2.86623,-5.545361,1.3335131,2.1676395,4.6314135,-4.7889676,4.9789686,4.6863027,2.868647
4.2076416,3.9726548,0.36654538,-2.3525362,-0.17141253,1.6806911,-5.2638755,1.3836205,6.6324005,-5.498926,3.2332675,3.0805898,4.7830915,4.3596334,3.7362506,1.8382599,-5.907475,-5.1819344,-0.20739295,-0.5698949,-3.239603,0.8648293,-0.69287175,-1.6696723,4.493763,4.1103897,3.293225,5.0068097,3.4050958,4.1767373,3.440292,1.9417406,-1.9044473,-0.9706867,-0.3428766,-4.3062315,2.900359,-1.1453726,-2.0042577,-4.172641,-6.412842,-3.2372763,5.892006,-0.68648964,3.7089453,-4.1584687,5.2770014,-5.4651003,5.915072,3.117193
-3.8361502,4.8662844,-0.4593855,1.1588982,2.118039,0.851932,4.501907,-2.470171,-6.890936,3.8580868,3.357463,-3.106638,4.1096373,3.587738,2.5100482,3.6887681,2.8755279,-5.2227955,0.32848638,-1.5141045,1.4714509,-1.8633128,3.4569085,-1.6718403,3.6534145,-4.8551345,-4.286088,6.954406,1.5070689,4.3088646,-4.2277956,-1.6838679,-0.1856933,-0.22138667,-0.70404595,-4.7120533,-3.6817405,1.4097575,-5.4467196,-1.7772064,-5.540429,3.6428766,4.1592426,-2.096312,-4.4508743,-6.064683,5.143913,5.14754,-6.7766514,-3.8856785
-4.7484093,-4.6071386,0.0020956248,3.1543767,0.68200916,-0.53828603,-4.9913054,-3.988078,-5.8371043,2.5349314,4.7381315,-0.07075587,4.593895,3.9620185,4.3205767,2.4198897,-2.9820497,-3.6114657,-0.03165321,-2.151389,3.977911,5.3844795,-3.6696982,3.0472612,5.578444,-4.437274,-4.4375625,6.933638,4.655286,-4.798842,-0.8273126,1.6057835,1.8680538,-1.0843823,0.08639428,-4.612276,-2.1426957,-1.0685096,-2.8705258,-2.8978388,5.0051455,-4.6915517,4.773403,-1.6578128,4.57026,-5.0953436,4.7921596,6.0119395,5.752424,4.115659
3.1150377,-4.014551,0.0493033,-2.4656484,-3.740526,0.52951247,-5.034145,-1.5160422,-8.095416,-4.8223314,4.1793237,4.2907457,-5.050193,3.356835,-3.31883,-1.5246456,3.0053644,-2.9185307,-1.911951,-0.3425433,-2.385749,0.59294647,2.853484,-0.3332267,3.8588374,-4.0451617,2.350316,5.7606387,-3.0997503,-5.013278,3.0859537,1.2563651,-2.296136,0.34003726,1.1988854,3.5009015,3.107782,-2.1020088,1.7402419,2.0007505,5.5853906,-3.8220732,-4.2954035,0.65944135,1.9481169,5.3549304,-4.7617354,-6.6494894,5.859603,2.8958738
5.959206,4.55425,1.4708421,2.739171,0.36749876,-0.70671767,4.270926,-1.8636063,-7.336496,-5.66683,3.3342793,-4.23657,5.1343284,2.5784185,3.3014138,-2.3461833,-0.7312457,-3.908032,-0.9353771,-0.16857047,3.4072773,1.4261559,2.7113802,2.4927058,-3.122808,-4.9039583,2.204834,-6.8166723,5.1209183,4.557293,3.4669228,-0.23404747,2.4388344,-0.094859175,-2.825673,-4.5866804,2.4319272,1.2289706,3.0541751,2.9296403,-6.084136,3.8161175,4.631283,2.2037883,3.0291715,5.07701,-5.13827,5.3181753,5.4889894,-3.4216268
-4.573051,3.3673072,-0.78492385,-0.5786599,3.7474632,-0.52286905,4.4847455,2.0101047,-5.44746,3.3557243,3.1846004,-3.8207064,-5.1220737,4.227937,2.3224227,-3.8279622,0.29728815,4.0381556,-1.7617054,-3.6216614,2.3545785,4.806652,4.2773967,2.1168299,-3.0925233,3.6011076,3.0498645,-6.3800983,1.8676543,3.75324,-0.017359056,-1.1815196,-0.6952399,1.9318261,1.0612854,-4.8329005,-3.8027778,0.21628231,2.836797,1.877773,-5.407281,3.5496187,4.854741,-3.259421,-3.6523297,-4.2535405,-7.014493,5.772167,4.529342,2.9743786
4.2991867,4.0578423,-0.8120804,2.2197978,-3.7518144,-2.4920855,-5.2836537,0.36944026,-8.349165,-4.7931056,3.5783758,2.3137236,4.4668465,-5.687283,0.073666126,0.3968849,-1.75876,-5.08718,0.3285327,-1.6427337,2.0279927,1.9787244,4.268101,1.1789491,2.9981804,-5.6957493,-1.8365055,5.338953,-4.765789,-0.17311281,-2.0413766,0.35280654,-2.5288582,0.0741465,0.9464926,3.996754,1.3831184,1.0412084,-6.003173,-2.5579684,-5.8774915,3.2118907,-4.3564353,-5.131118,-4.0963454,4.922923,4.938322,5.160438,5.7218304,-3.2125764
1.7772808,5.2945166,0.04667394,-2.0320492,1.2291038,0.31177998,3.999043,-3.0858436,5.953352,-4.218295,-2.0499797,-3.2994285,5.5264807,3.1143165,4.38618,-3.551322,1.9036734,-1.5929668,0.5397266,-0.82318515,3.356943,-3.8845587,-4.7614307,-0.90984017,-2.0894759,-2.8267481,-3.0643566,5.735782,-3.0390377,-4.7459364,3.8909984,-0.7887117,-1.6352644,0.56174654,-0.41323388,-4.6520195,-2.7834814,-1.118499,-0.5588557,1.7160312,4.7501183,-3.3049376,-2.6709967,1.2960205,2.1166587,6.023935,-5.590175,-5.5767417,-5.5588107,3.2958539
-2.5849302,2.6022592,1.9608365,-4.0919657,0.87482506,2.8340292,4.7534933,1.1062251,-6.263205,4.1037917,-3.458623,3.2693286,5.0900187,4.15632,3.0687425,-5.305665,3.0069718,-3.8676443,-1.5676483,-0.02761621,-3.132905,2.73174,3.8763902,-3.0340898,4.238497,4.191433,3.4105012,-6.3407063,3.3881376,3.5545387,-2.0762174,-3.0654638,-0.15852088,-1.6035473,-2.6996884,4.5137258,-2.6588154,-1.7799623,1.3382566,-3.1461594,-5.4744053,2.9444633,6.0846763,-3.2625809,-0.41028538,3.2954319,-5.9338574,-6.27312,-5.554214,4.077604
3.9143984,-4.8785563,4.131543,1.2211521,-3.5293481,1.9160761,-4.943133,-3.6079235,5.86053,4.455349,3.9131787,4.4289727,-5.2511716,3.658774,-4.241498,-0.54118854,-3.546937,-5.4172826,-2.2716932,-2.0747242,3.517215,-1.9304926,3.6380575,-3.5635967,4.0448985,-2.0808835,-2.5387578,6.2875867,-4.261081,3.5733373,4.7806787,-2.6601043,-1.7823195,-3.0938435,1.5357186,4.735947,2.7030442,-2.498911,3.9389734,0.09740286,4.361194,4.0130024,4.674927,-2.399378,3.972898,4.7113414,5.9487925,6.1222243,-6.797078,-4.0325017
-3.8972218,-6.714843,-2.2865717,-4.5029564,2.5056682,1.1315562,-3.025649,-1.0011429,6.3484716,-4.7174206,3.394236,-3.347187,-5.791802,-4.7676816,3.0486534,3.8126996,0.3803447,-0.9088644,-0.15664665,1.1768656,2.7662194,-2.5686998,2.8737445,-4.080306,-5.091716,-3.8955345,-1.9004654,5.36677,1.6617873,4.21078,1.6815183,-1.0798485,-1.732327,1.0627714,-0.8061009,4.4711423,-2.443327,0.47303757,-3.617293,3.1205397,-5.375896,-5.9621363,-5.4241257,-4.408431,2.8051887,-4.5531425,5.1254435,5.7361665,-7.111795,4.644776
-2.3277516,3.7858503,3.2303631,-3.3176866,-3.1818075,0.1611973,4.360898,-4.187648,5.5061736,3.6880162,-3.683302,-0.9944011,3.743796,2.9245844,-1.9986173,-0.63761777,-5.1243806,3.6466014,0.8416777,-3.5324945,-2.1788797,3.5642726,-3.533125,-0.023592524,3.1127234,4.35987,-3.2456648,-6.4899025,-4.5451427,-3.575828,-4.9323034,-2.1679518,0.5113816,-1.2730464,2.454793,-4.337219,4.0640078,-0.0724073,-4.832707,-2.027607,5.9399576,-5.00146,-4.2416487,3.767879,-1.2970864,4.7184916,-7.0428047,-5.934611,-5.1631594,3.4648423
-3.8669283,-3.745922,2.9649024,-1.3643632,-1.1468354,-1.2428317,-4.028606,0.7439023,-6.213976,3.6590507,3.0121312,3.700851,-0.45810482,3.1698322,2.0604208,2.7859085,-0.38265198,-5.684264,-2.4219046,0.9251085,2.4393573,0.2182627,-3.2025297,3.1947334,3.1566963,4.2016506,1.9266282,-6.363349,-2.1395323,4.19595,3.7617083,0.4067404,0.8959988,0.9438852,-1.6179917,3.6117766,3.0650842,-1.5443965,2.7547674,-3.8894503,6.0367136,3.2670455,4.8849044,0.62766683,-3.908497,5.171069,5.347201,-6.3218603,5.0929856,4.1762924
3.906147,4.0015154,-1.0587844,-4.220629,2.567988,-2.7072942,-4.3988624,1.6475139,6.736543,3.938488,3.409724,2.7246027,-5.3368444,2.2197368,-0.9364477,-4.747353,-4.3316827,-4.5644298,-0.52880204,-3.3588052,-3.8648677,0.5373126,-4.944914,-3.6584566,2.578379,3.6189003,2.7209344,5.8678684,1.6395577,3.3411255,-4.7905517,0.05103989,0.98988163,-0.05960723,-2.8827302,3.771453,2.5511668,2.3780937,-2.4556322,-4.0587792,-4.7235556,4.2232394,3.915126,1.53457,2.9150481,3.9901464,4.5255084,-4.5388765,5.064088,-6.5006013
2.157866,-3.9259598,4.282046,1.071763,-2.6706743,-2.1709714,-0.19406004,5.417228,6.0234766,-3.3741257,-2.6686306,4.464899,3.7568693,0.20845911,1.9905789,-0.079035245,1.2127455,-2.616098,0.17458208,2.0407228,1.7846842,-3.9901922,2.8192005,-3.2095969,1.9246144,0.16828568,3.278791,7.232755,0.8369582,-3.8983717,1.2805254,2.1107256,0.1236667,0.11924619,0.55131745,-6.5397253,-1.8131943,0.44518027,5.0047092,1.3257447,4.974925,-5.358817,3.5957117,-0.6656531,3.0676339,4.3411326,5.083253,4.82445,-5.6184278,-5.5268054
-3.9823391,-3.3730636,-2.017541,0.6579546,0.5974687,0.23400274,4.9621916,0.4212712,-5.9253955,-4.99707,-2.6383336,-3.31314,4.770142,3.2101076,-3.5558536,1.8167225,-4.4253664,-1.7844441,-1.8560969,-2.9345393,-3.5083563,-2.9279351,3.2193024,2.2154238,3.7496374,4.11159,0.3254636,-5.8926973,-3.070769,-5.881507,-1.9290713,-0.07374174,0.92117864,-0.11386267,1.0645564,-3.1254866,-0.18657379,0.28413668,-3.9973383,2.439749,-4.6146517,3.5983746,4.0925274,0.78252745,-4.0858245,-4.9386315,5.1692624,0.38048244,5.882825,3.0809932
2.3994367,2.341701,1.355194,-1.0479083,-3.2601721,0.24323061,4.202577,2.018293,-5.8418007,-4.551719,4.1610694,1.8626596,5.1098657,7.2930737,2.5128338,5.6768665,2.8699877,3.6961222,1.24268,0.055118278,4.6051097,0.80833596,-4.999978,4.069021,2.6439738,3.7051277,-1.1846001,6.0503345,2.4236357,4.4387107,-2.5569415,0.23812869,-0.1088937,1.3600276,-0.6463683,-2.6380336,2.4191487,-0.022600882,1.3260906,3.2147465,-5.963537,3.5860302,3.7352448,-2.449918,5.511007,4.611405,4.5089,5.431889,-5.3264837,3.1745207
-4.0348563,-4.5163984,-0.5576574,1.2182201,1.2835557,-0.42038816,6.0331273,-3.8523364,6.214445,4.263884,-5.044849,4.1943145,-3.7329545,-3.889358,2.8997827,-5.624995,1.5603317,-3.7421565,-0.24706538,0.6573088,1.7706555,-2.3749804,3.1168704,0.46312207,-4.7309966,3.903748,-3.3817902,5.9990406,1.6026103,-3.7960308,3.8053322,2.7310233,-2.52545,-2.2848635,-2.9185836,-5.7787347,3.3345606,-2.678267,-1.7263275,-3.06331,-5.5079207,3.192728,-5.204644,-4.0729265,-5.3712487,-5.315344,5.0731344,-7.1075497,5.706388,3.4281342
-5.636376,-3.5541806,-2.7723227,2.1275938,-2.098795,0.6678124,-3.0975668,0.7921988,5.227797,-0.16410297,2.3476255,-1.7960606,5.2506804,3.8191252,-4.8703823,-6.765172,-3.7052145,-0.16048887,0.04471232,0.06040393,1.9262873,-0.82328963,-1.5516044,1.9161267,-1.0615737,4.9309464,2.235864,6.341936,-0.5719209,3.9036417,2.7076313,-0.3905202,-1.4421586,-3.9917574,-1.9674093,-2.531931,2.5412219,0.73117423,-4.1203756,1.3534675,5.326554,4.2167006,3.7885365,-2.9265845,2.4472797,4.7200265,-6.799234,-7.45915,5.34773,4.006451
3.6728992,-5.804324,-1.9825917,2.8864343,1.9421632,2.2570896,5.523352,3.6866426,-6.5187216,4.032322,-5.584338,2.8482013,4.3040795,4.054709,-3.5884612,3.082632,-4.7119966,-4.466503,1.2104217,-0.98449904,3.5692463,0.41360772,4.0497193,2.599007,-2.5824962,4.6369634,3.739915,6.491224,-4.4689474,-4.802502,-3.4658902,-3.1545334,-1.8051159,-2.1303813,-2.8856337,4.6541324,-4.5447702,1.4696213,-4.578196,3.0816076,5.4919515,3.53892,-4.1504326,-4.4250975,5.1930423,-5.392016,6.128436,5.0772805,5.462774,3.4642522
2.3449821,-4.0172186,-3.155767,3.8210332,1.3149154,1.6303716,-4.4807005,-1.0611353,6.3479424,4.0277853,-2.841359,-4.5647907,3.2733083,-2.9312072,3.7106283,0.24908373,3.9320135,3.6770637,2.4209802,2.819566,-2.0305777,4.204937,-1.7624769,0.03694845,4.145487,2.268666,0.099441834,2.8617737,-4.390556,-4.6037107,4.2009897,-0.43517265,-1.9400514,3.8481658,0.43987417,2.2060108,2.9473343,1.1114222,4.616446,-3.4268742,-6.6149783,4.880562,-3.2036114,0.9457973,-1.3305737,4.7170677,-4.9979978,5.258137,5.2932053,-4.713721
3.2082229,4.1892557,1.2289289,-1.604085,-2.6542282,0.6206388,-3.2011786,0.23782055,6.431269,-5.0053797,4.2856636,3.3979592,-5.2051826,-4.977015,-4.9635544,2.897242,-1.279776,-2.2776167,-0.020024732,0.013648182,-0.14178197,-1.3064635,-1.4980605,4.827547,3.1303856,4.4170866,-2.0159366,7.4952693,-2.548503,4.500268,-4.3528814,0.7656459,0.49231037,-3.6909032,-0.4271034,3.9867496,-4.172871,-1.6553854,1.9310749,2.6659853,-5.963243,-2.9161253,4.716878,-4.947568,-3.6873972,-4.9233913,5.6003537,-4.5436816,-5.966655,4.7473025
-4.490518,4.3023863,1.1325623,-2.0132406,-1.36708,0.20938739,-6.5738673,-0.2950797,-1.42562,4.5867343,-2.6366422,3.4851685,4.328672,2.948831,2.6950307,-1.7958225,-0.3353687,2.0613782,-2.4563007,2.225481,1.9838079,-5.4321837,3.0558577,0.9070687,1.8269737,4.6115236,1.9955885,6.115854,-3.1474388,-4.399513,-6.353307,0.8767825,-0.26963037,-4.805655,0.15999036,4.5748563,2.25373,-1.0333177,1.0662733,2.5668864,6.0360923,3.859044,-3.8326194,-0.97300136,2.064825,-5.726908,5.241811,-5.862439,-5.809797,-2.712107
-4.3234735,-2.9729466,0.43305326,0.27352512,-0.44857723,0.5079296,-6.3051157,-0.7467612,5.5273023,-3.6904156,3.713881,4.1483016,4.553293,3.2462175,-4.168435,3.245441,2.761839,1.3620781,-1.4299119,2.2576814,4.0450234,-1.645305,1.2262112,-4.608391,-2.9406276,4.272018,3.3114095,-3.9665542,0.3600699,-6.0490503,4.3814325,1.9963169,1.9218874,-3.7676651,0.46940327,4.399283,-0.4997818,2.0243855,2.4331176,3.9340641,-5.1289597,4.0024605,4.154112,-1.1663942,3.0886536,4.326008,-5.9123244,5.9628735,5.320656,-3.2987068
3.5396261,0.06439558,-3.2176647,-6.351126,1.6161813,1.502601,5.652683,-2.5976582,6.3361673,5.0711417,3.3287926,-5.2995305,-6.8342433,-5.7262077,-1.2597523,-0.54022986,-0.10378439,-2.5693011,-1.8997278,3.5688145,-3.916566,0.9680359,-1.1083245,-4.784926,-3.5551069,-2.5803785,-0.80366385,5.869231,1.8667375,0.22089928,-3.1454053,1.5283102,0.31682676,-0.6984575,0.65216315,4.6154556,-3.5294802,0.35845298,-4.1794987,2.016962,-5.9708467,-0.0599681,-3.08846,2.3417606,-1.7900198,5.001459,-6.421837,-5.4708247,5.847005,-4.6268783
4.5409756,-5.2692156,1.924762,1.8087867,-1.5695767,1.940229,-0.20616846,-6.168054,5.583845,-5.320423,-4.3609524,-3.7829533,0.13105914,4.3567266,-4.4597216,-1.6190826,-2.6796913,0.114580154,-1.7478043,-2.415256,-2.8561301,1.0824449,-7.9974813,-2.8018231,-3.50292,-4.336854,-3.9256847,-5.9698105,-1.8863559,5.563525,-4.328477,-2.2116222,-1.420255,1.6506377,-1.9255298,-5.8619113,-4.441728,-1.3555261,1.6277611,-6.9451017,4.4617476,-0.02773574,4.1793685,-2.5605261,2.4522054,0.09621158,5.005187,-7.1113157,-4.352106,0.13204761
-0.025835298,-4.461713,0.40816206,2.5064461,-2.9504266,-2.2999573,4.5945415,0.8839099,5.927548,-5.0006948,3.7370298,4.2157955,-5.9790072,-1.9545326,-3.7630765,1.9574987,-3.4983325,3.4867396,1.2130399,-1.0592792,2.5428796,-1.5513946,-3.01191,-3.8786886,-4.2238317,-4.303366,2.1919253,6.4287896,-0.28724095,-5.2204304,3.0691876,-2.3958993,0.9581772,-0.14517277,1.0703514,4.0239983,2.2663152,0.15760317,2.0720758,-3.5460925,-5.28414,4.222106,-5.3294854,-1.3504496,-4.5277896,5.3121495,4.540862,-6.2195168,5.961325,-4.970758
3.2260773,4.231842,1.555428,-1.022888,1.7358387,1.0119181,-3.76737,-3.5240366,2.8897142,1.2552764,4.3619075,4.6627517,-3.3709035,-4.1568093,2.8521488,2.8643758,1.9582756,3.2948613,0.9696629,1.7974069,-1.3009636,1.1750531,3.8072221,1.117387,3.0527732,3.9513323,-1.0391554,-7.242632,-0.4758978,-3.9022822,-3.6906304,-2.5357356,0.3468162,-0.39484492,1.3424968,-3.5065446,-1.9623971,0.44806015,5.322567,1.9846526,4.7942014,-2.982637,4.3940997,2.67291,2.7374148,5.110838,4.8009715,2.3843708,5.187444,3.6055696
4.9417996,-0.64260495,-0.61857176,1.7231778,-1.5790889,-0.74244314,-3.639726,-0.78741425,5.829447,-4.0919905,2.9519188,-6.9568377,4.8950496,3.1523347,-2.9650836,-5.6186924,-2.6629024,-3.1544025,-2.2098143,2.8677533,3.0171611,1.6404179,3.9103732,1.8261101,-0.36805367,3.6666744,-2.181139,6.0311294,2.4150438,-4.876726,-5.5700045,-1.1878793,-0.93769675,-1.8325237,0.21820161,3.723142,-6.2182345,0.6974181,0.67107254,2.3996296,4.911056,-6.589451,4.1440644,0.4364124,3.797302,-6.4165144,-6.239562,5.2849684,5.3590317,3.5385525
4.158578,-5.1674576,-0.20477627,-0.29977825,-0.74184597,-1.5134562,-3.926499,-0.39322656,-7.1743016,-5.240447,3.5605505,-4.3581967,-5.138393,-3.6787612,3.2766612,-5.6262646,-0.81790805,-2.1679542,0.14335038,0.681889,-1.3594021,-1.1683904,5.9489584,1.0166997,2.7467506,-4.1364107,-3.1502964,-5.2329087,-5.0396566,3.4335177,3.5845814,-2.5431325,0.3095012,-2.6690948,0.23391913,-4.953811,-1.6457844,0.21760206,3.8651211,-2.669987,5.0215874,-1.9936845,-3.9680505,0.5332635,2.518744,-5.656206,4.8936825,-6.0195966,-5.449064,3.4576495
3.581059,3.4902868,1.7081045,2.5673835,-0.5605281,0.38490933,4.3088384,0.02479031,5.735405,-5.265596,3.1865807,4.0936785,-4.9309263,-3.9330316,-5.6165586,-4.6362023,3.3620787,-3.394774,1.1155223,-2.554114,-1.9977999,-5.645846,-2.3142505,0.8258827,-5.87169,3.7849388,-5.416476,6.5017004,-2.0958288,5.0436597,1.9766173,-1.0112637,-0.8452924,-1.5119909,-0.595111,-6.4560466,3.0459187,0.29191113,2.098298,-1.7831607,-5.9778266,-0.77470344,-4.9120436,1.4063667,-0.9331711,-6.338978,-5.6806483,5.307843,5.374508,-4.5256457
4.602231,5.674945,0.17885321,2.4040651,-0.08538101,-0.38615212,-4.5492773,0.6688304,-4.945401,5.2827787,4.2779016,-6.057092,4.819936,3.1994185,1.6545554,3.019241,1.0379517,3.7796278,-2.300819,-2.2016428,2.733568,-3.4364135,3.8562822,0.79271096,4.3073545,-3.524178,2.0816023,-6.24793,-3.3518887,4.6660876,2.4346602,0.91197956,-1.720197,-1.6107866,-2.3298032,-4.644012,-4.9892216,-1.4750693,-3.2859812,-4.227845,4.880325,-1.9128201,4.1346073,1.589524,-0.49533066,-6.96011,5.272415,5.301654,-7.2330875,-5.5148964
-4.040285,-4.3681545,-1.2892828,-0.17005295,-0.6425952,-2.0125313,5.055053,-0.01685509,-5.411681,3.6064808,3.8865535,3.2589955,-4.033531,2.7768862,2.0178504,-1.4926212,4.3534083,-4.4426117,-0.0797251,-1.9199703,3.6353745,-0.8729299,3.6341772,0.094912425,1.3795435,4.378537,4.3864255,6.0362277,2.6529305,4.421287,2.6926055,-1.8836865,1.1500921,-0.019255102,-0.9789384,4.063005,1.581238,-1.8530836,1.0621135,-0.097788885,4.99038,4.5444994,4.4228272,3.1428938,2.436081,-5.3315406,4.561123,5.645147,5.7174587,3.9543924
3.646166,0.18909356,-1.0561125,1.9809228,-1.6611204,2.4052002,4.740505,2.16655,6.203567,4.2747974,-3.6087143,-2.3225617,4.3927464,-2.7804675,-3.6664412,1.7644696,-0.6358457,-5.020773,-0.44370663,0.3065316,-0.24562806,2.1842186,0.3903456,-0.2530036,3.2304716,-5.226033,0.41133583,5.477328,0.74552536,0.9722954,-1.2670225,-0.27932167,0.72199786,0.7486453,0.5248609,0.4235829,5.394935,-0.05963128,0.87102395,-1.2963113,5.1063375,-2.986662,4.183134,0.27850056,1.3150324,-6.0123916,-4.592591,-5.487301,-6.1467032,4.5629144
4.051692,4.684763,0.01932995,-5.5993686,0.10924063,0.046414636,-4.4243407,-2.763516,-7.617829,-2.337863,-4.847393,-4.340666,5.3151045,-4.3532004,-2.387587,-3.1870825,0.066191144,-4.781022,0.23065774,3.5716732,-5.4384847,-0.8784969,-6.5122848,-1.1387616,-4.734306,4.3632994,-4.049202,6.0597277,1.067637,-5.4772964,-4.003987,0.59356934,1.0419765,-3.5876331,-0.18277626,4.1749463,-2.524178,-0.80306965,-2.32829,-1.6233037,-6.153298,4.65734,-6.2734737,1.3336734,-5.3195553,-5.140005,5.425288,-8.281171,-6.149551,-4.7851562
4.7337713,4.6884174,-2.5348024,-1.6897023,5.1080256,-2.864356,-5.112718,2.5641725,-6.004847,4.361421,4.4776583,4.569788,-4.8338704,-4.9162064,-4.672292,3.4910233,3.5620658,4.281056,2.0785463,-3.011562,3.2580943,0.20446345,4.1368413,-1.4067638,-3.3087068,3.3775158,-5.638124,6.7283535,-4.1644816,4.3093023,5.2860446,-2.6273293,-1.471664,-3.7226696,0.7882642,4.1514144,3.7793412,0.21150947,3.939371,-2.7176104,-5.272954,4.508323,4.9375653,-4.0654573,-3.7799652,4.4981737,5.07847,-6.2289205,5.2612104,-4.291538
3.8103359,4.1491117,1.1931875,-2.8488963,1.0666535,-2.5400908,5.5618777,1.6624762,-6.1618223,-4.855414,3.5605702,4.070886,4.86381,-3.767465,2.072991,1.0734851,4.7643375,-4.906785,0.2984516,3.2124858,2.0042863,-0.25989068,-3.7954173,0.010222323,3.7797062,4.203251,1.7350124,-5.281221,-0.2107948,5.158484,-1.525201,-3.2512515,0.0978498,-4.0386906,-0.70407236,4.382669,3.2779136,-1.1224368,-1.8296001,-5.186507,6.061543,-5.1569552,-4.6046133,2.050025,3.5632885,-5.0433574,5.2088227,4.7363153,-5.957009,-6.284846
-3.073027,5.0619965,-1.9713699,-4.7962646,-2.1383607,-0.254862,-4.5512376,0.55648524,-5.7307367,-4.6559544,-4.8347445,-3.7297816,-6.3730793,-4.6077805,-3.5420535,-1.0216799,1.0781568,-3.958355,-1.9659907,-0.53736544,-5.6641173,2.1161966,3.0777063,0.35659945,4.2147174,-6.4610944,-4.334023,6.0124955,-3.2347782,5.372798,-4.578976,1.1035558,0.18067813,1.0443621,0.74931383,4.0215034,-1.3483455,0.5976151,-2.8542047,0.54210997,-5.616816,-6.209433,-6.3444386,-1.1755852,1.355641,-5.5557933,5.169339,-6.4848385,-6.0660534,-3.1362593
-3.830143,4.3042116,0.13929074,0.43271777,-2.1363323,-1.4598228,-6.342595,3.2801886,6.1625195,-4.572342,4.7291713,4.636524,-5.167891,-4.3328376,-4.348801,-4.45989,2.309318,5.57794,-0.16117515,0.1510166,-1.9467626,-3.9567153,-3.3853104,1.3553334,-3.1922932,-4.658322,-3.8010259,-6.481085,-3.6629078,5.264693,3.5424757,-3.3202221,-2.5929024,4.434898,0.0233749,4.3540897,5.5090685,1.0953258,3.354997,-2.3017244,-5.6323795,4.9663224,2.9446483,4.3580008,1.091441,4.9336643,-6.373606,-5.7507906,5.6231704,4.0509953
-3.5904298,-5.112587,0.58825904,0.52952933,0.87277585,1.3713466,-5.8912535,-4.59509,-5.386681,3.9766705,-2.1304984,-3.3751192,-5.3589563,3.414411,-1.9432098,-4.308152,-4.8783646,0.023485444,-1.9791147,1.6981528,2.704955,-1.9646001,0.03941907,0.7580307,-3.3024364,4.246401,2.5431788,-6.245613,-5.584182,-6.004024,-0.68631804,-0.69480395,0.30305362,1.762201,1.1249158,-3.5465815,-4.1915116,1.1068662,-4.246628,2.568648,5.401328,-4.5976357,4.1184263,-2.8729217,0.7058882,4.8394213,5.80435,5.2774687,6.612942,-4.719313
-4.6593366,3.8949435,-0.8666741,-4.843485,-1.6032543,-2.3907547,4.4709897,-4.9669514,-6.370884,-5.4910526,-4.3863215,4.420968,4.953255,-4.1774116,-3.2649984,4.3897076,-3.2219725,-5.228955,1.4460956,0.15163746,-5.1554346,-1.6749331,3.8336353,2.449723,-5.781233,-4.9678016,2.6570723,6.0015993,3.3815804,-5.1063457,-3.5475328,-2.8707669,3.17478,1.4460479,-0.5139225,4.217531,-5.5571733,0.59479064,-0.44059816,2.491785,4.4369726,-4.9736176,-3.8671958,-4.9890194,-3.3765538,5.063791,6.1802034,5.2658563,-6.709053,3.9536335
3.8673475,-5.371829,-1.1100578,-5.555218,0.66362554,0.04928818,-4.6578383,-5.011695,6.321178,-4.2387366,-3.8407965,3.3167934,4.571057,-5.560593,-3.8474212,-5.589481,1.4252539,3.9698935,-0.22129266,0.06739758,-3.078775,0.539732,3.4265883,-3.5371168,3.1105196,3.8099978,-2.8420494,7.7656436,-4.6113873,4.669269,2.6281679,-1.578088,0.112499684,-0.39336166,3.1233664,-5.1662064,-0.45175707,-2.2259705,-4.7763867,3.0772552,6.4424496,4.0883813,-4.029597,-1.8269725,2.5834916,-6.110764,5.1727467,5.000584,-5.4757566,3.2526343
-2.2296507,-3.7960794,3.2775815,2.187784,0.59016716,-1.8788573,5.4085793,4.702745,-5.743864,4.0799847,3.0492573,-2.3782263,4.359902,1.6691732,-1.5685866,-1.6248498,-3.0616395,-2.3143587,-1.8113302,-0.57218,-2.044685,1.6175699,4.0530972,2.530675,-3.2888567,-3.6135917,2.7352538,-6.503737,3.67356,4.534817,0.2077674,1.5637846,-0.9067934,-0.29374933,-0.6018835,-3.6793177,-3.410403,0.9911091,4.516407,1.5899093,6.2814345,3.5922577,-3.509921,4.5661297,-2.316347,-3.8121397,5.332246,-6.46544,-5.558398,-3.5126686
-6.4812446,-4.720278,-4.8895936,0.9037082,1.6683426,-2.8152416,5.2566295,5.826964,6.1789503,-5.665409,3.4106896,-3.426372,4.2366896,0.3956973,4.449823,0.8466308,0.87837785,1.771958,-3.6830447,2.935114,-2.4142857,-2.3226101,1.9213728,-1.3707345,4.7575173,3.3288677,-2.635102,-5.8548803,1.3888222,0.16332449,0.73090374,-1.4437139,-2.908047,1.4314736,-0.9213645,5.093428,-7.43434,0.8825883,-3.5138338,-1.8789713,5.8629456,-3.6289713,5.218149,2.6745226,0.34640002,4.636695,5.421755,6.0518622,5.811986,2.887115
3.8118596,-3.7902915,1.7623096,3.2407522,-3.4215224,-1.3220307,4.4388604,1.8456277,5.7584043,-3.517451,2.2437553,3.8850217,-7.9112864,-2.1097078,2.4939065,2.1581762,-2.1514113,2.6517377,1.8194076,1.4381387,-0.1619004,-1.8472501,-6.1025224,0.16630575,-2.7627976,-4.9287786,-1.67187,-5.286978,1.9465683,-3.8025744,2.5449507,-3.1861398,-1.0632788,1.726706,-1.345587,-4.9266047,-1.7131298,-2.0879474,-0.083673365,2.827585,-8.667309,3.3698053,-7.517736,0.13303833,2.3046572,4.65557,-5.978931,-6.806123,-7.100892,3.0722191
-4.4316654,3.6933768,-0.8155958,1.820354,1.3012997,3.1238074,-5.2861934,1.6932021,-6.6585035,-4.9719844,-4.6981115,-4.5861883,5.376283,2.732097,1.4703525,2.2860208,-5.4537306,2.4142718,0.7984582,-4.33333,-1.5559683,1.333379,2.8352265,-3.5354455,3.6340384,3.9214258,-6.6103096,6.7592955,1.1169136,3.380371,2.733382,-0.049663596,-0.49457273,4.8884835,-0.44733024,4.644545,-3.1411269,0.7859027,2.2087073,-0.95043576,-6.0561256,-4.7550497,3.9507797,0.07723085,-2.1078055,4.959416,-5.0301394,5.3460784,-6.7998657,-4.018046
-2.7586665,-4.711274,-1.1333617,1.3220953,0.86992776,-2.3728313,-6.2882257,-0.63509566,-5.348536,-4.0716114,-3.4829996,-3.2636933,4.5077677,2.789273,2.1047165,-0.10734669,1.2600493,3.1424727,-0.57344925,-1.6169695,-2.9574604,-4.9229665,3.7853189,1.265651,-5.577517,4.2465553,-4.555351,6.714158,-4.483963,3.8960729,-2.858359,0.15184018,-0.07472866,-0.42043835,0.5152419,-2.9399364,1.6449304,-0.08036887,-0.6027129,-2.4393477,4.932129,-3.733547,4.1614547,3.716093,1.7685438,4.931389,5.59431,-6.0994444,5.8106236,2.156421
-3.8253884,-4.366743,1.2487559,-1.6839685,-0.16473132,-1.8298546,4.6849794,0.9048529,6.556071,4.8471,3.797384,-3.7706423,3.962059,-2.1397805,1.9167427,2.5786788,-2.0326152,3.5453885,-2.6143377,-0.7168828,-2.0874548,0.0699083,2.3500075,-2.0396585,-3.9205978,-3.7424088,3.0377777,5.7484016,1.7045597,3.949276,2.6919885,-2.4439354,-1.2616607,0.63144594,0.21731298,4.101865,2.9340467,-0.6247117,-1.5698497,0.7962047,-6.114921,4.1864824,4.672016,-1.270203,-1.5536975,-5.3544717,-5.9119186,-0.6532176,-5.7439914,-3.277392
4.3380938,4.788128,1.4987919,5.3355126,1.3900485,0.5750727,-5.2348523,1.876823,5.628852,-3.9857953,-2.5974436,-4.099378,-4.1071157,-3.698195,1.9953079,-4.710236,-3.0881567,3.0990522,1.3399757,0.38678557,2.291384,3.0946503,4.9118824,-5.370037,-1.2294736,3.936988,0.29717815,6.2549424,1.5992782,-4.4575686,2.0930943,3.551207,0.19111374,-2.2605312,2.379642,2.741599,3.111395,-0.49709365,-0.38056764,3.4705846,-4.950252,-4.263136,0.33109784,3.4592762,-3.0098133,5.2075076,5.237474,-5.066762,-6.086955,3.190758
-4.012217,3.6273496,-2.9602275,3.5906003,-2.819077,-0.05869957,-3.9932036,-3.804767,-6.321842,3.8997893,-6.3877945,4.0715475,-4.9579134,2.4188366,2.453245,-0.6707761,-4.5399084,3.4653573,-2.2106767,-3.4682016,1.5214559,1.613854,-2.6086903,1.6360894,2.5786195,3.9101367,0.9251198,5.593864,2.2246351,-5.2466245,-4.927818,1.4030796,-0.51260394,-4.301342,-3.1675208,-0.55072284,3.791103,-0.75369924,-0.5095715,0.967608,4.5223746,4.067135,3.7319565,-0.98077834,3.629734,-3.1565592,5.70078,5.721503,-5.778389,3.5882573
3.5082977,4.5732136,0.6546495,3.1000323,-0.2731359,1.4405931,4.1677213,2.7596743,6.112715,4.108058,-4.9848332,2.7565055,4.0781746,3.965927,1.3710686,3.4487772,1.8937883,2.129714,-1.8412759,1.7098534,0.7475225,3.2889197,3.0409102,0.4024371,-0.20520326,-5.5509553,-2.2103493,-6.3732514,0.18183798,-3.719645,5.1797075,0.49745438,-1.6774927,-2.801486,-1.6803436,4.7102914,2.7257893,-1.5406306,0.0060144365,-1.6446041,-5.0707912,4.2318635,4.3118277,2.8912947,2.178766,4.7846465,5.357203,-5.7544074,5.0200567,3.7835228
-3.6657066,3.2710452,-3.315309,-5.2379503,4.145248,-0.1205738,4.005414,0.8625189,6.8936987,4.118204,3.090482,-3.2168522,4.8566904,3.0289776,-2.0276463,-2.111964,-1.3428909,-3.4757507,0.0040002763,0.9835598,-2.246603,-4.8993053,-4.337377,3.0743153,2.4158545,-4.8489747,1.8868047,-6.1068287,-1.6184077,4.1931453,4.3413186,-1.2988362,1.8359551,0.10017998,1.130801,4.2678614,3.1960497,1.8029177,1.1745969,1.1994094,-5.340783,-5.119172,-5.073645,1.3857746,-1.6882623,3.9176743,5.031264,5.497277,-6.52732,-4.3538113
3.8856196,-4.120391,-2.210851,-0.6962427,2.7718046,-2.2003713,-3.0511103,2.037722,-6.36896,-4.800266,-5.099891,-2.8993244,-3.6287823,-3.1757393,-2.1710587,2.1084375,-1.3217236,3.4328763,1.7252395,-0.9752763,-2.8457258,0.9102706,-2.3864036,-1.7938392,-5.571605,-3.0404754,-1.5010357,5.925413,0.7345507,4.388035,-2.850647,-3.3056297,0.64477104,-0.86683893,-0.20225228,-3.9641266,-0.21898995,-0.62051815,-1.1049092,0.18458962,5.6524315,-4.2314067,-2.6242595,2.2361224,-0.96722966,-3.926741,4.9435053,-4.4177155,7.3140264,-2.8431408
4.4086223,-4.703595,1.2790054,2.0912719,5.162962,2.2918794,4.291184,4.586927,-5.723243,3.919564,3.1830592,3.0833383,4.3461018,-0.49398726,2.528584,-2.9549208,1.7792128,2.8523748,2.4551036,-0.49563313,-0.40208143,-1.0147043,-1.7244115,1.8811553,-3.6259968,3.8382547,3.0174694,6.3428345,-4.223946,-6.9236245,3.003969,2.5495684,2.1319716,0.3557582,-0.4749214,3.6358337,2.6381614,-0.90448743,-4.7004075,-3.1221395,4.9225698,-6.380608,4.699237,1.7498616,0.94040066,4.232647,4.8121343,5.587812,4.899391,3.2533987
3.4489968,-6.7335434,-3.0361836,-3.0097368,-3.248136,0.15014073,4.296642,1.0357982,-6.104309,5.1777463,3.8491719,3.5803676,4.7578745,-3.5476825,-4.2921143,1.4016775,0.5764341,-3.4389875,-0.4199872,0.72672355,2.647904,-1.9150455,-1.5822103,0.7706758,3.4013186,5.008509,-0.98655856,-6.61724,-2.8514147,4.0379686,1.7661085,-2.6056747,-1.4866625,-3.0248964,-1.7724881,4.9471774,2.159532,0.033916757,-3.3813822,3.0048118,4.081846,2.8169036,-3.2284307,0.8237973,2.3135765,4.9994545,-5.271561,5.386665,5.666112,3.2718449
3.0737703,3.3985076,1.570558,0.5577487,-0.7301586,2.0193918,4.3943295,-4.6077805,-5.929178,-4.6852765,-3.6653008,-3.337471,-5.8707857,-5.514025,-5.6878076,-5.143289,-1.6738185,3.9084792,1.0254148,-3.4963987,1.7705923,-1.2719504,1.4147617,-2.5866647,3.2447,-5.204333,2.1077704,-5.099731,1.7358528,4.2815995,2.789998,-3.9886024,-0.24313176,-2.5600097,-2.2446434,-4.495226,-4.622436,0.48655215,1.924374,1.3217214,5.0289125,-3.879163,-6.2579966,0.42457098,3.1872876,4.7606926,5.5734053,5.237418,5.283306,3.7281475
-2.103801,3.7714992,-3.3561542,4.4827685,3.042166,-1.4264175,4.8623466,3.8966055,-7.0164423,3.9935107,2.129953,-3.4636073,4.876752,-3.556952,3.232955,2.135421,3.032067,2.4316764,-2.1063344,-1.5552304,-3.5515378,-1.7645869,2.6060793,-3.6461694,3.3522189,-4.6520844,2.506921,5.7605357,3.4679434,-4.1264787,-2.352416,0.75209934,0.1674386,1.2319671,-0.12996922,4.0862045,1.8472575,1.5414602,1.1345204,0.6607348,5.4891834,3.8401887,-5.39988,5.3882113,-2.7185216,4.628311,-6.8855,5.0306807,5.780264,3.094554
-5.1658287,4.400875,2.0042014,4.290541,-3.623569,2.3219311,-3.8984675,-3.8987935,5.479905,3.8783805,-5.468545,-1.8331174,-5.316911,-3.855801,2.8022716,-5.1934614,-3.9332771,3.7425134,-0.053884223,-1.0416946,-2.1525507,2.5772417,3.3452065,-0.42805296,3.4596815,3.7103534,-1.1963667,0.7500837,-1.8121452,-4.103161,3.138562,2.6226058,-2.065301,-2.3077989,2.5376687,-5.271913,3.383143,-0.7449872,-4.59546,-5.0877323,-4.248552,-4.856923,-6.1780457,-4.031599,4.0407147,4.608879,-3.8219147,5.4439144,5.6131425,-4.197607
-4.1990056,4.215955,1.1502336,1.5194874,-4.9163437,-1.079764,4.1409574,0.23519842,6.2580914,4.1862183,3.0247757,2.5757632,4.8708725,-2.669292,2.8687103,-2.151397,-4.246045,-1.9248272,-1.6527336,-1.046591,-1.6384817,-3.9448426,-3.5892231,-1.5232759,4.056818,4.0765343,-1.3450471,-5.334426,-3.0421834,-5.085232,-5.5166607,-0.44655254,0.7012328,0.51192325,-0.55902743,-3.8530695,3.9174614,-0.25066638,-2.071416,-1.0168049,5.3647947,3.002805,4.032011,1.5222412,-2.0741165,4.3958244,5.032106,-5.265999,-6.5681596,3.2987268
-3.0154698,4.1278906,-0.015813716,-4.60181,1.0911275,-2.6805727,-4.75109,4.4620266,6.574034,4.112454,-4.7151937,3.7567492,4.755032,4.8502955,-3.426245,5.1652265,-5.409504,-3.4954848,-1.0704648,-1.880501,2.4726386,3.828026,3.8033545,-2.7577472,-3.7694695,-4.4923754,-4.947375,-8.747798,2.1001928,4.239336,-3.631226,2.9671376,-0.8173496,-2.3400915,0.431534,4.1522,-3.8341846,-0.45351395,-5.120798,-2.236388,-6.349041,-3.4147298,-4.0469127,-3.842274,-2.7413654,5.4819665,-6.542159,5.2733583,5.8500643,3.4249933
-2.9847498,3.8178215,-2.0201209,2.2051692,-2.4879928,-0.68854827,4.389982,2.8329647,5.5022287,-5.04187,-2.2510602,-4.798222,4.089583,3.259625,2.907013,1.5280308,0.2999307,2.7319667,-2.5603619,-0.91716737,2.8926516,-1.1602863,2.9026453,0.4543596,4.0463824,-4.8906565,-0.34839654,4.681097,1.0257424,3.3254318,2.4761896,-0.6001631,-0.82194245,2.5471003,1.183698,4.1256404,-5.01609,1.0558807,4.4797435,2.7965991,4.774589,3.3402238,5.17579,-2.274397,-4.727691,-5.703867,5.6532803,5.278792,-4.254649,3.3558574
-4.741767,4.0861073,1.183473,1.0935119,1.3769655,0.7523291,2.5224488,1.2805854,-5.640625,-3.7730458,2.6672585,1.3813955,4.0419483,3.6779735,2.7250202,1.4250927,4.8060255,2.1958597,1.88638,-1.7983177,-1.9632318,2.3675017,3.2120292,-0.038628392,-1.9922886,-4.3785563,-2.918062,4.341056,-0.34101573,-4.4013186,-1.7183967,-0.06429619,-0.4855173,0.057403468,-0.09549385,3.8886638,1.5813406,-0.89281803,-0.3533899,1.1178448,5.340131,4.2211165,4.4243,1.4166559,2.2322178,-4.35531,5.1950336,-5.8685403,5.651242,3.2548697
4.2105484,0.059298515,-1.9725164,2.3820968,1.542329,-1.2966894,-5.5786066,2.6829484,5.7625794,-0.1563158,-0.0007743016,-4.8343196,4.521038,-4.857086,2.9288476,6.4717197,-4.368091,2.0430932,1.2662313,1.1788645,2.3369615,-2.3976302,-3.0450222,0.083032705,3.6117885,-5.228919,-1.6654867,6.4888377,0.9558509,-5.2032895,-7.876911,1.4967738,-1.2166616,-3.313955,-4.161736,4.4058685,0.3631485,1.4790695,1.2344556,-1.9266983,5.6306405,-4.166493,-4.801379,2.336193,-3.798209,-5.996764,-5.9306216,5.356214,5.02181,-6.908285
-3.5699646,-6.531152,0.8638831,0.48755726,-4.4927278,-1.8668721,-2.969377,1.6419203,6.1316743,-5.558822,3.4532204,-5.3936086,-3.6210167,3.8060691,-1.0171832,-3.5563385,0.6702064,3.9757798,0.9152456,-2.790466,-4.450322,-1.3595669,-2.8642979,1.4179057,-4.228851,-2.56026,0.22094719,-5.22875,0.488444,-6.171883,2.6324286,-2.3423905,1.3842843,0.9904417,-0.0689701,-4.7067676,1.1064755,-1.2132998,1.8564428,-0.545354,-5.4911647,-5.2814665,-4.293245,2.1879485,-3.7017443,-3.662694,-5.0038157,-3.4087982,-5.774452,4.2552595
2.9848387,3.9187007,-2.2868953,1.2039955,1.0170615,-2.245012,-6.0276203,-1.9755657,6.2618847,-3.425361,3.5950174,3.880558,-3.762829,3.2562597,-5.2046313,2.4444935,-0.397341,-1.3741428,0.8671458,-2.6422904,2.8644998,0.43724638,3.1445925,2.4109302,3.3756127,-3.3342068,3.0627809,-4.825315,2.8902776,4.2271957,-0.95132685,-3.447262,-2.2116153,-3.8682978,1.3286889,4.1533995,-3.3142588,1.0055017,1.4725523,1.6552746,-6.2264624,3.138205,-6.233625,-0.8262517,-2.4934127,-3.773562,-4.804636,-6.6623,-6.138133,-2.3321288
4.4090757,-3.1148767,-2.143192,1.061076,0.919567,-1.1867257,4.4415383,0.19008148,6.3098516,-3.6671143,3.4837437,2.5882626,-3.9608512,4.0073247,1.5732452,1.3243415,1.281731,1.9142234,-0.9339862,2.6514611,2.0989122,-2.2728412,2.7456162,-2.0108154,3.4678729,3.8050416,-2.9119158,-6.92752,1.129844,3.3357308,1.8251358,0.5558338,1.1242282,0.781623,-0.21554382,2.3796463,4.306013,1.2274052,2.4383724,-2.4413142,-5.9416337,-5.0004444,-5.229646,2.0052743,0.3144116,5.4301777,4.7947755,-5.6509132,5.652718,-4.7335424
4.758509,3.9423728,-1.2227094,-2.606684,-0.07458419,1.2872087,3.562691,-2.1706524,7.4181256,4.286046,1.8485762,0.23377079,0.3897925,0.0044667497,1.2705252,-2.6292017,3.2508078,2.7751265,1.5199842,4.1626053,3.2935236,-2.6703775,4.2971807,3.1184258,5.605272,2.6873116,4.146315,6.484189,3.4813366,3.807599,-3.2495697,-1.6725116,1.0792001,-0.2209748,-0.17446883,5.271828,-1.7090217,0.9258831,1.4303019,3.338457,6.0936513,-4.068798,3.6661608,-2.1449695,0.7661239,5.4741807,-5.296589,-5.29196,6.8507137,2.8668664
-3.9937165,-4.2828064,0.9685097,0.91458607,0.4271281,-1.4841733,5.6006827,-2.198032,-6.1102934,3.6025321,-3.2769332,3.6613684,-6.203936,2.42419,2.9511364,4.980113,4.8701363,4.4960465,1.3221958,0.82435244,3.661889,-5.747819,-2.8453653,4.3570666,-2.107643,4.3104963,4.801844,-6.2801776,1.3291712,3.7815948,2.4343774,1.1804795,1.004936,3.3695164,-0.21352206,-5.1317716,-3.4873776,-1.4211522,2.2387938,-1.2317556,6.3424067,4.6664944,3.9143574,-0.5379376,1.4962597,5.4531183,-5.4739485,-6.0352006,-5.1292996,-4.2931128
-0.96225286,3.861767,-3.4714808,-3.5448759,3.2355638,-2.5724483,5.062015,0.8973682,-7.431776,4.088697,-4.164061,-5.3578787,4.769308,-3.1367066,2.8141232,5.332845,-1.0033633,4.8793287,-0.07128687,0.74873656,4.2709923,2.8600025,3.7181413,-2.8261847,3.4100494,4.944144,3.773331,-3.2857463,-3.670609,-4.878905,4.1359525,4.3650155,-0.065794624,0.14109209,1.8162465,-3.4737394,2.5227342,-1.6027454,1.778343,2.438462,-5.4754543,-3.973976,4.254229,3.917511,3.3202608,4.2426124,-3.9013495,5.538895,-7.05988,3.2536397
3.1733577,-4.9106474,0.57903683,1.6776733,-3.8739605,-0.2100982,4.021247,-3.160504,6.0136704,3.9201741,4.001735,3.291266,-5.139158,-3.7425117,-5.2529726,1.6535257,3.1232476,-3.9602494,-0.739637,-1.236187,2.2214208,-4.3930397,-4.953225,-2.791894,3.6422424,3.8527787,-1.988607,-5.6572742,0.97920275,-5.691522,2.651791,0.4199659,1.3455758,1.9006389,-0.24164648,4.471907,-2.8987803,0.38615188,-3.6391015,1.4466437,4.574372,-3.9411376,3.531575,1.4364767,2.3095648,5.036658,5.347189,-6.5971994,5.739046,3.9585464
-4.0608087,4.8778515,3.7670987,2.9620535,-2.7301903,-0.48691994,-4.684971,4.5980783,6.046703,4.4798965,4.5060997,4.778945,-5.297889,3.5772157,2.5557954,2.9649887,5.266427,3.5154643,-0.68516743,0.06295864,-3.4599802,-3.2119982,4.0898123,2.0366724,3.8653212,-5.265034,2.6284873,5.2196093,3.2433608,5.2004128,-2.7570238,1.5444366,1.1911725,-2.8982952,-2.0150232,-4.7749004,3.7115896,2.2578402,3.8306139,-3.4623034,5.968837,4.3597155,-3.9083915,5.7921658,-2.495858,4.990567,-5.98176,6.384316,-6.5955,-4.0585594
-4.74637,4.420679,-2.5665016,-4.8189406,-0.8885786,-2.7128808,-5.149673,2.7655387,5.8649454,-4.144822,3.2367687,4.1603546,4.918289,-3.0359437,-3.6277263,4.0252633,3.286185,-3.4274406,1.7620047,4.6308613,-3.5968828,-1.3782526,-3.56788,0.57097065,3.5853121,-5.209144,2.498118,-5.845404,-2.440922,4.735555,-3.909946,-0.7071998,1.3510963,2.369186,-2.396143,-5.515882,3.0906608,1.4387197,3.8434918,-4.3258166,-3.4998894,-4.717774,4.630124,4.0391974,-4.795035,5.253384,5.469831,-7.237754,-3.70055,3.6796005
4.1150293,4.108952,0.20289038,2.169078,-2.9352279,0.36705607,3.296088,-2.3464015,-5.7718687,-4.1082773,-2.897127,-2.3677764,4.139519,-4.446607,0.90915096,-1.8820705,-4.685391,3.7772675,0.28229845,-0.105176285,2.9566095,-3.2110178,-2.816888,-2.4369802,4.2299004,-2.8658376,-5.382575,5.778448,-3.578678,-4.8753376,-3.660938,-2.7916112,-0.46973422,-2.8031454,0.57555145,-5.5973105,-4.11848,0.25786042,1.0626566,-1.3218994,-4.819796,3.5209644,4.2671266,-3.9198844,-3.2298539,4.763206,4.6577206,-7.166971,5.1349397,-2.635063
3.5682209,3.5868452,-1.2468706,1.2766365,1.6591425,-1.1964201,-4.0730267,-0.8629702,5.718293,4.360601,3.2943823,-2.1344156,-4.5113683,2.9526298,2.5260365,-0.24993506,-3.234145,-2.6322992,0.29692936,1.43302,1.8716192,4.435144,-4.1604486,1.2611021,1.3778167,3.7062023,2.2923996,6.368917,1.9303038,4.3821893,4.4663014,-0.118638925,-0.478119,2.0387645,-1.3589352,-3.1160846,-5.921294,0.06946517,3.90946,0.90380836,-5.5341973,4.232994,3.8007958,1.5032424,-6.1854997,-4.723263,-6.6320157,-6.175912,-6.2391186,-4.399385
4.2896733,4.475972,0.6151234,4.0612035,-1.0098171,0.3085488,2.8912222,-2.5261261,6.0484066,4.0116143,4.27486,5.7455654,5.181335,4.4463725,0.68260217,4.884609,6.712373,4.4182796,1.9699111,-1.4165269,4.393767,4.3268104,4.488933,4.0450945,2.8504655,2.6204355,2.3504868,-0.16143477,4.17488,-5.4690022,-3.364326,0.12017483,0.8162147,-2.2487028,-0.84502596,-4.68552,2.557592,-0.74803835,-7.8457327,1.4469966,-5.167319,1.9161272,5.0045085,-1.963897,-8.360842,4.4212747,-6.118799,5.263125,-5.4448476,-4.241148
3.9250772,3.106815,-3.2832685,1.4314998,2.0143356,-1.051018,4.24934,-0.77954954,-6.2657433,3.9660676,3.3139937,-1.0072895,-4.7969403,-1.065917,0.807902,-3.2518249,-0.59423286,-2.6374013,2.2231512,0.6018149,1.0162923,-3.018457,-2.5205472,3.0602767,3.5877578,-5.351881,-2.1786695,7.079333,2.06148,-5.646645,-1.6916062,-1.2629185,1.0338069,-3.1711855,-2.2895496,-3.9066763,2.2255743,-1.655294,-0.11023273,0.036239855,5.208318,-2.3630776,4.3991113,3.6808527,0.33495152,-4.301766,-5.9404745,-5.1214533,5.9351416,3.4783616
3.327469,4.184311,-0.12115289,1.01662,0.36936805,-3.1626368,-5.0217123,-5.9090395,6.005801,-5.6285906,-5.7389083,-4.319752,4.157063,-2.2584927,3.4558783,-2.7245448,-5.6607895,3.3760033,0.632426,3.0350513,-2.2736895,2.5542486,-3.5726452,0.35055125,2.5330148,-4.5918984,2.4528804,-5.8455815,1.9354824,4.389422,3.788147,0.6836179,-0.42457142,-4.010444,-3.7295055,-4.8725133,4.5215507,-0.5783493,1.0704403,1.104313,5.06328,3.6915405,4.550663,1.6519656,5.1745257,-4.848105,5.436889,4.847485,-5.492703,3.2549915
-6.084374,-4.590313,-1.3651117,1.6172147,3.6418319,1.0863787,4.280179,-1.7940156,-7.2242002,-4.9111276,-4.4871297,-4.9772305,4.717836,2.8053682,3.648476,2.8699536,-3.5226762,3.4195333,1.1067832,-2.601243,3.1154165,1.6427689,3.9158235,2.5897284,3.984142,4.314666,-4.6816444,5.907548,2.470978,-6.014151,-2.276108,3.1941702,-1.7270634,0.57943934,-2.6151414,4.190387,-3.1312025,-1.5110439,-2.7575974,2.4433577,4.9292855,-3.1067276,4.50811,-2.6026216,2.9689395,5.760404,-5.9815736,-5.654103,4.5602846,-3.0294065
2.2040815,-4.6509542,-2.6656144,3.7006767,-4.3893213,-2.304523,-6.044228,1.7748578,5.93093,4.0446057,2.5859852,-3.5521064,-3.6938457,-3.5954576,-1.3994747,-3.207844,-1.0832372,2.269442,0.5054576,-0.94267315,0.8499587,-0.45014924,-3.4264889,-4.4726195,3.215888,3.4768255,1.1725594,-4.310157,1.4588766,-5.0261326,2.0570385,1.5660659,-1.0464466,-2.5133665,-0.7562889,-3.347196,2.5029645,-0.2349712,1.2335842,1.4205601,4.9494853,-2.7141366,-4.7272882,1.0885446,4.6938314,-6.4242377,-6.706438,5.5969844,5.309265,4.059494
-5.3494835,3.4737482,-2.9983163,1.4431429,-3.509465,1.067904,4.6634865,3.5227706,6.350433,3.8610349,2.9770982,3.2688165,3.8485143,3.0988188,3.0477548,2.3897738,1.8630899,2.9154756,-1.186718,1.2091808,2.3668725,0.5665114,2.7734656,1.589744,3.3247564,3.5378792,2.7354562,6.037742,2.3473616,5.057569,4.1278296,-1.4843453,-0.97663563,5.5309944,2.7675807,4.4994297,1.6762904,-2.3112874,1.5445915,1.5895784,4.874789,3.419917,-3.3691845,3.566643,1.6670278,4.2403226,-4.8978014,5.2635546,5.0990233,2.1917393
-5.4385724,-3.6115704,-2.805695,4.5472836,0.6029715,1.5860931,4.6743956,-0.78972507,5.841218,-4.424812,-3.6789749,-5.231122,4.9121065,4.4020686,-3.5151565,-3.6883085,3.531845,3.6685057,1.4553769,-4.121751,-2.8753657,1.9168082,-3.5165904,4.5113263,-4.6236167,4.4716744,3.430122,6.328251,2.3145106,4.4639482,-4.229326,0.037813418,-0.97001344,-2.8884501,1.6526037,-4.517048,-3.59687,0.629341,3.4119878,3.9397237,5.682763,3.9047046,4.0810623,-3.871308,1.5705763,-4.948126,-6.374523,5.537395,5.8616877,3.0477424
5.0555964,4.112301,0.02910927,-4.2134843,1.379499,-1.5152032,4.6290984,-2.5951288,-7.7706575,4.1179194,-0.15423661,-4.543187,-5.917949,-3.3106678,-2.0024884,-0.12820578,-5.837132,2.904535,0.22359227,1.2608294,0.6116911,-0.40963876,-3.7209046,-3.6608818,-4.7006903,3.256766,2.712172,-5.904042,-1.1714793,4.684195,-2.9627457,3.7788465,-0.054927476,-4.717403,-0.37905258,4.545921,3.0852036,-0.10240195,1.8263105,-2.6214352,-6.157129,3.509737,-4.2868667,0.998325,5.0625477,0.31336918,-4.381197,4.6201143,-7.1078973,2.6731758
3.3908248,-6.7460976,1.2464111,0.6749197,2.7020986,-2.2623599,-5.367077,-4.408402,5.8332043,3.7098804,-2.8179104,-0.17755437,4.167692,3.2939305,-3.6925886,-0.4669973,0.2821263,2.1998096,1.44428,-0.013817444,2.2927146,-3.498671,-4.4032106,2.1113718,-6.448158,-4.992009,2.2868104,3.605979,-4.8501697,4.9284062,1.1887329,-3.5394714,0.12638809,-1.710507,-0.5077392,-2.4277575,-1.6288003,-1.7474748,-0.5110255,1.4617398,4.8063316,-2.2504323,3.4891872,2.5827837,-2.5878804,4.4751,4.5431237,-6.0929246,-5.6439347,3.3007069
-4.8607893,4.8146877,0.22420284,-4.951072,1.6854422,-0.85828865,-5.100892,-0.20866756,-7.5301485,-4.4808307,3.5524933,4.786291,-5.143326,-2.7486334,-3.399257,-2.0193646,1.7752441,-2.6364186,1.442529,-0.019186065,-0.48018062,-3.3858035,3.3430052,-4.2259502,3.874911,-4.84346,-4.858396,-6.7159233,2.2263517,-2.6038496,-3.3403373,1.9082115,-1.7989281,-0.87945616,-1.567496,-4.9441304,2.738888,2.303565,2.52037,-1.9412154,5.325591,-1.5740232,3.9285371,1.7396675,4.366793,-5.387789,-7.7405066,-4.735327,-6.621871,-2.1615894
3.5771983,4.26902,0.39130062,-0.5442213,-2.9210718,0.74419004,3.827804,-0.1516198,-6.231064,-4.4236107,3.9377203,-2.783802,4.1375413,3.0009692,-2.9831128,-0.35856637,-0.05690118,0.3746658,2.402146,0.53520274,2.312312,-2.0517306,3.1483111,1.2077849,4.022861,-4.029798,-1.2742647,6.7398124,-4.047229,4.156099,4.058457,1.4653574,1.6333637,3.5669222,2.2802272,3.4586163,4.1317096,1.2348537,-0.7406574,0.43062106,-5.12031,1.7833955,3.270296,-5.0177298,3.1487777,4.363833,5.5881743,5.4531245,5.2608213,3.4661996
4.0863776,4.949441,-1.4109443,-0.8835858,-0.1562249,-0.7344018,-4.9831476,0.40078628,-6.430099,-4.6884084,-3.5298066,3.244874,5.543378,2.7655547,4.082125,1.1689947,-3.799604,2.1871283,0.7772549,1.5423245,1.5742366,-0.8535036,1.987283,-5.112967,-4.119117,-3.8406625,3.2109451,6.488185,1.6803191,4.8958216,-4.7139616,-0.84701025,-1.2259657,-4.6709127,1.1860622,-4.4676733,1.8119481,1.3622929,3.479854,-2.807052,4.8498654,3.8076909,3.656503,2.1559844,0.9680599,4.964285,4.9650884,-5.0793605,6.750686,-5.5853834
0.59782517,4.1150684,-0.5905233,1.2464349,1.0920894,0.34851533,-5.2137527,-0.30366844,-6.308032,-4.0712857,3.3690813,4.0696726,4.3709164,1.4168147,-3.3542972,-3.2000763,-1.1774057,-3.3911917,-0.85965264,-0.7178356,0.80418384,-1.7174324,-3.330289,1.2010291,-2.8307936,3.7969801,3.1257052,-5.8743377,3.9314132,4.7060947,0.6974351,-0.77648574,-1.2939098,1.8107179,-1.918609,4.9060717,-2.23799,0.013077565,-2.019948,0.23313275,5.249137,3.5362988,5.928004,2.2337527,-3.3482032,-4.6687045,-5.981615,5.8254414,-7.0278473,-3.048311
5.208624,4.1029086,-3.3816533,0.8450428,-3.7496252,0.96991724,4.415332,1.9477291,5.288333,4.579606,-4.041558,1.9091477,5.248962,3.8576143,-1.8490088,0.8471337,-3.1365383,-2.6443162,1.5018935,0.6089958,1.2131556,-2.7389884,2.0844724,-2.9300969,3.1121008,3.669363,3.3621495,5.9757133,0.08930122,5.456621,2.939608,-3.1317115,-0.7362081,-1.0834438,-0.44876587,3.8494174,-1.8984146,-0.22340679,-0.025603525,0.88746226,4.4664683,4.4052224,2.797171,1.1193107,2.2629738,-5.2904468,5.6432304,5.852473,-6.3099265,3.6713407
-3.707581,5.010455,-2.7939532,-1.7619456,2.8023794,-0.30417877,-3.9118714,-3.313875,-6.811048,-5.452876,-4.010868,3.3778257,3.7489665,-1.9241695,3.8516867,0.55635875,7.389119,3.4779465,-1.9210991,-3.7332003,1.7355218,1.2762539,-3.092283,3.388767,3.7188423,-5.5407457,-1.4864466,6.1140833,2.2475204,-4.3738875,4.4387984,-0.52812165,1.471541,6.020557,-1.3024946,4.469071,4.544399,-0.6547338,-4.590064,1.1782467,3.8171678,3.6148148,4.778527,2.7310176,-3.1962783,5.2664695,-5.9709415,5.8215394,5.5944715,2.9692645
1.9452726,3.8448875,-1.1903566,-2.9393275,0.07754374,-1.8456864,5.2704263,-0.9904885,6.218921,-4.9225044,4.5096865,4.6921606,5.0042496,-2.9958153,3.612378,0.56297284,4.445595,2.8665955,-0.6784345,-3.8258152,-1.7311512,-4.406774,3.829745,-1.5216851,-3.9314926,4.3033075,2.6113112,-6.378173,-2.9123938,4.463915,3.2676775,-1.4196243,-0.6297857,2.1367946,-3.0075104,2.499248,-2.4514706,-1.4545517,2.80649,-3.2245085,5.3419614,3.6101105,-3.7539203,0.10695797,7.0633974,-5.15769,5.5233703,-5.817667,5.8658276,3.713561
4.383175,3.8779104,1.4816139,-4.1062164,0.47756106,-1.0869927,4.7027864,2.2364805,5.429933,4.2940707,-3.815421,-4.3940477,-4.99629,3.5020783,-4.6303716,-4.645076,0.83485186,3.2106209,-1.8342409,2.4806378,-5.657694,-5.450636,-4.6943383,-0.38025054,-5.155865,4.5061884,3.4832985,5.4053154,0.42824864,-4.1634316,3.3597178,2.0395546,-2.0657363,1.9754349,-0.24258812,5.186476,2.6008735,1.2288359,2.6718185,0.2991612,-5.814856,-4.4421806,-4.049168,-4.209465,-2.4183779,-4.8712077,-5.843431,5.6306586,-6.7721972,-5.132817
-2.6296232,4.00506,-1.8212653,-2.6829486,0.8864481,-1.4151331,-4.2555933,0.54077935,6.135111,4.145416,-4.785339,3.5773234,-3.8373427,-1.015712,2.966195,1.7208464,3.9942546,-3.5203972,-1.1422286,-2.7756536,2.5362093,-1.1040555,-3.4292197,1.3634576,-3.604942,-4.025174,3.4110353,6.252475,0.61204976,4.2516274,5.412866,-0.30973253,0.19797939,0.7722002,-0.31032634,4.0187197,-2.5836296,0.17008215,-4.3809047,1.9827868,-6.246249,3.3939712,-3.325195,-0.22973895,-2.485365,-3.9503152,5.4080887,-5.465842,-5.859536,-4.4992433
