Shuffle_1_pred_train,Shuffle_1_train,Shuffle_2_pred_train,Shuffle_2_train,Shuffle_3_pred_train,Shuffle_3_train,Shuffle_4_pred_train,Shuffle_4_train,Shuffle_5_pred_train,Shuffle_5_train,Shuffle_6_pred_train,Shuffle_6_train,Shuffle_7_pred_train,Shuffle_7_train,Shuffle_8_pred_train,Shuffle_8_train,Shuffle_9_pred_train,Shuffle_9_train,Shuffle_10_pred_train,Shuffle_10_train,Shuffle_11_pred_train,Shuffle_11_train,Shuffle_12_pred_train,Shuffle_12_train,Shuffle_13_pred_train,Shuffle_13_train,Shuffle_14_pred_train,Shuffle_14_train,Shuffle_15_pred_train,Shuffle_15_train,Shuffle_16_pred_train,Shuffle_16_train,Shuffle_17_pred_train,Shuffle_17_train,Shuffle_18_pred_train,Shuffle_18_train,Shuffle_19_pred_train,Shuffle_19_train,Shuffle_20_pred_train,Shuffle_20_train,Shuffle_21_pred_train,Shuffle_21_train,Shuffle_22_pred_train,Shuffle_22_train,Shuffle_23_pred_train,Shuffle_23_train,Shuffle_24_pred_train,Shuffle_24_train,Shuffle_25_pred_train,Shuffle_25_train,Shuffle_26_pred_train,Shuffle_26_train,Shuffle_27_pred_train,Shuffle_27_train,Shuffle_28_pred_train,Shuffle_28_train,Shuffle_29_pred_train,Shuffle_29_train,Shuffle_30_pred_train,Shuffle_30_train,Shuffle_31_pred_train,Shuffle_31_train,Shuffle_32_pred_train,Shuffle_32_train,Shuffle_33_pred_train,Shuffle_33_train,Shuffle_34_pred_train,Shuffle_34_train,Shuffle_35_pred_train,Shuffle_35_train,Shuffle_36_pred_train,Shuffle_36_train,Shuffle_37_pred_train,Shuffle_37_train,Shuffle_38_pred_train,Shuffle_38_train,Shuffle_39_pred_train,Shuffle_39_train,Shuffle_40_pred_train,Shuffle_40_train,Shuffle_41_pred_train,Shuffle_41_train,Shuffle_42_pred_train,Shuffle_42_train,Shuffle_43_pred_train,Shuffle_43_train,Shuffle_44_pred_train,Shuffle_44_train,Shuffle_45_pred_train,Shuffle_45_train,Shuffle_46_pred_train,Shuffle_46_train,Shuffle_47_pred_train,Shuffle_47_train,Shuffle_48_pred_train,Shuffle_48_train,Shuffle_49_pred_train,Shuffle_49_train,Shuffle_50_pred_train,Shuffle_50_train
0.3082217869295778,0,0.08,0,0.04,0,0.0,0,0.0,0,0.5099943048764917,1,0.5701489440836351,1,0.99,1,0.4662630589369697,0,0.06,0,1.0,1,0.0,0,1.0,1,0.48133228804749656,1,0.7029409671508488,1,1.0,1,0.0,0,0.0,0,0.9675,1,1.0,1,0.8625,1,0.9,1,0.92,1,0.0,0,0.943,1,0.0,0,0.07,0,0.0,0,0.85,1,0.0,0,0.0,0,0.72625,1,1.0,1,1.0,1,0.83,1,0.4855091730070328,0,0.3690158997515389,0,1.0,1,0.8175,1,1.0,1,0.79,1,0.89,1,0.491824580798321,1,0.0,0,0.02,0,0.08,0,0.0,0,0.0,0,0.0,0,0.4711248228752034,0
0.3792030481172172,0,0.76,1,0.91,1,0.0,0,0.0,0,0.6507692573776638,1,0.4666529145776923,0,0.06,0,0.8243308344882615,1,0.93,1,1.0,1,0.0,0,0.0,0,0.3825039030919117,0,0.7038564335275772,1,0.0,0,1.0,1,0.0,0,0.915,1,0.0,0,0.11875,0,0.11,0,0.74,1,1.0,1,0.881,1,0.0,0,1.0,1,0.0,0,0.17,0,1.0,1,0.0,0,0.11125,0,0.0,0,0.0,0,0.07,0,0.5512865041889902,1,0.8630639570795995,1,0.0,0,0.16125,0,1.0,1,0.81,1,0.79,1,0.4778771125940875,0,0.0,0,0.88,1,0.73,1,0.0,0,1.0,1,1.0,1,0.4635249716383237,0
0.43038653131993365,0,0.97,1,0.05,0,0.0,0,0.0,0,0.5535619464758951,1,0.4451080900366625,0,0.78,1,0.5974540426165587,1,0.969,1,0.0,0,1.0,1,0.0,0,0.49417862995510686,1,0.32179428380956204,0,1.0,1,0.0,0,1.0,1,0.82,1,0.0,0,0.1575,0,0.92,1,0.86,1,0.0,0,0.082,0,0.0,0,0.95,1,1.0,1,0.89,1,0.0,0,1.0,1,0.99125,1,1.0,1,0.0,0,0.06,0,0.4971132911898126,1,0.7325786859533141,1,0.0,0,0.14625,0,1.0,1,0.9,1,0.88,1,0.48251383794924674,0,0.0,0,0.95,1,0.89,1,0.0,0,1.0,1,1.0,1,0.5447339431510979,1
0.4113773737339676,0,0.82,1,0.79,1,1.0,1,1.0,1,0.684658441187067,1,0.4963625229755,1,0.86,1,0.6179781540829782,1,0.108,0,1.0,1,0.0,0,1.0,1,0.2842419158491136,0,0.27556888694574305,0,0.0,0,0.0,0,1.0,1,0.04,0,1.0,1,0.9325,1,0.81,1,0.96,1,0.0,0,0.909,1,1.0,1,0.13,0,0.0,0,0.78,1,0.0,0,0.0,0,0.11625,0,0.0,0,0.0,0,0.8666666666666667,1,0.5159459000660135,1,0.5374518311130541,1,0.0,0,0.0525,0,1.0,1,0.99,1,0.81,1,0.5256455335977699,1,1.0,1,0.09,0,0.1,0,0.0,0,0.0,0,1.0,1,0.5980698241767708,1
0.5493797786758466,1,0.13,0,0.94,1,1.0,1,0.0,0,0.6852800983087208,1,0.5177234625272938,1,0.05,0,0.38493576473216773,0,0.973,1,0.0,0,0.0,0,1.0,1,0.4449891656674726,0,0.3650283187950956,0,1.0,1,0.0,0,1.0,1,0.135,0,1.0,1,0.9775,1,0.05,0,0.99,1,0.0,0,0.109,0,0.0,0,0.02,0,0.0,0,0.89,1,1.0,1,1.0,1,0.79625,1,1.0,1,1.0,1,0.8433333333333334,1,0.5349726201219224,1,0.25230867003702057,0,1.0,1,0.84,1,0.0,0,0.92,1,0.17,0,0.45264691223908254,0,0.0,0,0.11,0,0.87,1,0.0,0,1.0,1,1.0,1,0.6292302969258402,1
0.4316966002912488,0,0.12,0,0.16,0,0.0,0,0.0,0,0.5601555012106926,1,0.451058871651366,0,0.13,0,0.692660829543727,1,0.06,0,0.0,0,1.0,1,0.0,0,0.3654578416459911,0,0.7674680473599009,1,1.0,1,1.0,1,0.0,0,0.17,0,1.0,1,0.97,1,0.06,0,0.05,0,1.0,1,0.034,0,1.0,1,0.92,1,0.0,0,0.79,1,0.0,0,1.0,1,0.96125,1,0.0,0,0.0,0,0.14666666666666667,0,0.48537258848620474,0,0.3334256624343164,0,1.0,1,0.0725,0,1.0,1,0.04,0,0.15,0,0.49304145293468804,1,0.0,0,0.04,0,0.16,0,0.0,0,1.0,1,0.0,0,0.710343355925385,1
0.503625747608115,1,0.13,0,0.98,1,1.0,1,1.0,1,0.5885659859299561,1,0.5185444218520663,1,0.86,1,0.6188430461417063,1,0.112,0,0.0,0,0.0,0,1.0,1,0.42652816557776096,0,0.33573661797359466,0,0.0,0,0.0,0,1.0,1,0.14875,0,0.0,0,0.12,0,0.92,1,0.12,0,1.0,1,0.971,1,1.0,1,0.09,0,0.0,0,0.09,0,0.0,0,1.0,1,0.1175,0,0.0,0,0.0,0,0.08,0,0.5208462800641342,1,0.4546862886307188,0,0.0,0,0.955,1,1.0,1,0.8,1,0.08,0,0.5311621051600535,1,1.0,1,0.02,0,0.87,1,1.0,1,1.0,1,0.0,0,0.42501671348648684,0
0.6713994315820488,1,0.06,0,0.05,0,1.0,1,0.0,0,0.5645856890166998,1,0.45943082060945917,0,0.96,1,0.27875712495333643,0,0.334,0,0.0,0,1.0,1,0.0,0,0.4278418203518,0,0.6137880340318385,1,1.0,1,0.0,0,0.0,0,0.11625,0,1.0,1,0.73875,1,0.1,0,0.05,0,0.0,0,0.902,1,1.0,1,0.99,1,0.0,0,0.97,1,0.0,0,1.0,1,0.80375,1,1.0,1,0.0,0,0.82,1,0.4845134607042602,0,0.20301290007923542,0,1.0,1,0.06125,0,0.0,0,0.94,1,0.03,0,0.5273376433298099,1,1.0,1,0.09,0,0.06,0,1.0,1,1.0,1,0.0,0,0.4691988576590439,0
0.7081166578959265,1,0.98,1,0.04,0,1.0,1,1.0,1,0.4793331554169678,0,0.5311197007893985,1,0.74,1,0.6667585923544392,1,0.107,0,1.0,1,1.0,1,1.0,1,0.7008568274691207,1,0.631244544909147,1,1.0,1,1.0,1,1.0,1,0.9,1,0.0,0,0.08125,0,0.07,0,0.75,1,1.0,1,0.078,0,0.0,0,0.74,1,0.0,0,0.85,1,0.0,0,0.0,0,0.04125,0,0.0,0,0.0,0,0.9633333333333334,1,0.5093027612726049,1,0.5116996454707222,1,1.0,1,0.13625,0,0.0,0,0.06,0,0.1,0,0.5397693186727913,1,1.0,1,0.86,1,0.16,0,0.0,0,0.0,0,1.0,1,0.6061056574028311,1
0.4740738275360245,0,0.97,1,0.02,0,1.0,1,1.0,1,0.6180095734681228,1,0.4817650194401164,0,0.15,0,0.5677455078622462,1,0.949,1,1.0,1,1.0,1,1.0,1,0.6441619909655472,1,0.6781733805060924,1,1.0,1,1.0,1,1.0,1,0.07375,0,1.0,1,0.78875,1,0.91,1,0.09,0,1.0,1,0.902,1,1.0,1,1.0,1,1.0,1,0.19,0,1.0,1,0.0,0,0.81625,1,0.0,0,1.0,1,0.07666666666666666,0,0.4908399457453136,0,0.3072629560373297,0,1.0,1,0.10875,0,0.0,0,0.12,0,0.86,1,0.5990580079321247,1,1.0,1,0.05,0,0.98,1,1.0,1,0.0,0,1.0,1,0.4113587802627282,0
0.6104305414080003,1,0.93,1,0.04,0,0.0,0,1.0,1,0.3935184731311474,0,0.556769976028854,1,0.01,0,0.4582496462085406,0,0.127,0,0.0,0,1.0,1,1.0,1,0.542749783734639,1,0.2956137988190791,0,1.0,1,1.0,1,0.0,0,0.14375,0,0.0,0,0.04625,0,0.9,1,0.97,1,1.0,1,0.097,0,0.0,0,0.88,1,0.0,0,0.95,1,1.0,1,1.0,1,0.0525,0,0.0,0,0.0,0,0.8933333333333333,1,0.5462013299511534,1,0.4135009479125847,0,0.0,0,0.1425,0,1.0,1,0.1,0,0.98,1,0.47910980213620225,0,0.0,0,0.82,1,0.99,1,1.0,1,1.0,1,0.0,0,0.45847757670196565,0
0.605127908002763,1,0.08,0,0.04,0,1.0,1,0.0,0,0.5859216268960915,1,0.5582392328380891,1,0.74,1,0.6452555282390429,1,0.06,0,1.0,1,0.0,0,1.0,1,0.591755657173934,1,0.8043670061274917,1,0.0,0,1.0,1,1.0,1,0.9025,1,1.0,1,0.1525,0,0.08,0,0.07,0,0.0,0,0.911,1,1.0,1,0.09,0,1.0,1,0.12,0,1.0,1,1.0,1,0.0775,0,0.0,0,0.0,0,0.08333333333333333,0,0.5821936757308774,1,0.33011635519408616,0,1.0,1,0.9575,1,0.0,0,0.91,1,0.19,0,0.4849384495142337,0,1.0,1,0.88,1,0.86,1,1.0,1,1.0,1,1.0,1,0.5203518469259225,0
0.39062490265357885,0,0.93,1,0.93,1,1.0,1,1.0,1,0.5143439485200383,1,0.47955849339356327,0,0.06,0,0.5720629972008091,1,0.098,0,0.0,0,0.0,0,0.0,0,0.7324912323255003,1,0.3520362575561575,0,0.0,0,0.0,0,1.0,1,0.88,1,1.0,1,0.1075,0,0.74,1,0.79,1,1.0,1,0.133,0,1.0,1,0.63,1,0.0,0,0.97,1,1.0,1,1.0,1,0.95,1,0.0,0,1.0,1,0.77,1,0.49563439091696826,0,0.4592328672763252,0,1.0,1,0.0875,0,1.0,1,0.19,0,0.98,1,0.5053920545183006,0,1.0,1,0.09,0,0.88,1,0.0,0,1.0,1,0.0,0,0.46810621216899406,0
0.2969813561203013,0,0.98,1,0.06,0,1.0,1,0.0,0,0.45562230360127787,0,0.5057166321125127,0,0.95,1,0.2785510635297249,0,0.113,0,1.0,1,1.0,1,1.0,1,0.5692412915420215,1,0.38567634828166236,0,0.0,0,1.0,1,0.0,0,0.99375,1,1.0,1,0.975,1,0.8,1,0.15,0,1.0,1,0.798,1,0.0,0,0.94,1,0.0,0,0.97,1,1.0,1,0.0,0,0.05625,0,1.0,1,0.0,0,0.8966666666666666,1,0.5231027689063192,1,0.46869878611429316,0,0.0,0,0.205,0,1.0,1,0.95,1,0.1,0,0.5171920525666522,1,1.0,1,1.0,1,0.93,1,0.0,0,0.0,0,1.0,1,0.5003507501016881,0
0.5658610683631715,1,0.06,0,0.8,1,1.0,1,1.0,1,0.44066087347345895,0,0.4771896491060389,0,0.86,1,0.31095285396537686,0,0.939,1,0.0,0,0.0,0,0.0,0,0.3919873579293004,0,0.2407419095014803,0,0.0,0,0.0,0,0.0,0,0.88625,1,0.0,0,0.8925,1,0.06,0,0.03,0,0.0,0,0.964,1,0.0,0,0.96,1,0.0,0,1.0,1,0.0,0,1.0,1,0.80625,1,0.0,0,0.0,0,0.9866666666666667,1,0.5051562695891139,0,0.9285233297946256,1,1.0,1,0.1375,0,1.0,1,0.09,0,0.01,0,0.45655621977156785,0,1.0,1,0.32,0,0.15,0,0.0,0,0.0,0,1.0,1,0.4478015638791117,0
0.6778646273162588,1,0.83,1,0.16,0,1.0,1,0.0,0,0.4823151795310565,0,0.4527272801196149,0,0.09,0,0.7699149111482754,1,0.767,1,1.0,1,0.0,0,1.0,1,0.3563160471061289,0,0.24581851618240172,0,1.0,1,1.0,1,1.0,1,0.1425,0,1.0,1,0.08125,0,0.95,1,0.88,1,0.0,0,0.936,1,1.0,1,0.03,0,0.0,0,0.91,1,0.0,0,1.0,1,0.0425,0,1.0,1,1.0,1,0.23,0,0.5148914114853669,1,0.5372269749346003,1,0.0,0,0.13125,0,0.0,0,0.95,1,0.13,0,0.4998804085675102,0,0.0,0,0.91,1,0.94,1,0.0,0,1.0,1,0.0,0,0.5761157103486267,1
0.3375333458378124,0,0.06,0,0.98,1,1.0,1,0.0,0,0.4903007362618532,1,0.550099970775678,1,0.09,0,0.38937588105516746,0,0.02,0,1.0,1,0.0,0,1.0,1,0.5368190109738148,1,0.3083393696386289,0,1.0,1,0.0,0,0.0,0,0.9475,1,0.0,0,0.93,1,0.89,1,0.73,1,1.0,1,0.093,0,0.0,0,0.07,0,1.0,1,0.11,0,0.0,0,1.0,1,0.9525,1,1.0,1,1.0,1,0.8966666666666666,1,0.5532954556286821,1,0.33651912907751197,0,1.0,1,0.0425,0,0.0,0,0.92,1,0.87,1,0.500357892262552,1,0.0,0,0.12,0,0.19,0,0.0,0,0.0,0,0.0,0,0.4808010902866067,1
0.32154295773013464,0,0.95,1,0.03,0,1.0,1,1.0,1,0.4167561143696263,0,0.6429738443642109,1,0.07,0,0.5890796162985065,1,0.981,1,1.0,1,0.0,0,1.0,1,0.5278796205397271,1,0.6699341983142245,1,1.0,1,1.0,1,1.0,1,0.06875,0,0.0,0,0.8125,1,0.15,0,0.75,1,1.0,1,0.076,0,1.0,1,0.97,1,1.0,1,0.89,1,0.0,0,0.0,0,0.97625,1,1.0,1,0.0,0,0.17333333333333334,0,0.4992848960940705,0,0.6179673179331884,1,1.0,1,0.92625,1,0.0,0,0.05,0,0.92,1,0.4876337097470929,0,0.0,0,0.93,1,0.08,0,0.0,0,0.0,0,0.0,0,0.4666595306664516,0
0.6149725604541022,1,0.72,1,0.94,1,1.0,1,0.0,0,0.6286872416724045,1,0.47842916706686583,0,0.99,1,0.5496423242022759,1,0.954,1,0.0,0,0.0,0,0.0,0,0.5208861770457202,1,0.2467909913577184,0,1.0,1,0.0,0,1.0,1,0.7325,1,0.0,0,0.925,1,0.27,0,0.05,0,0.0,0,0.699,1,0.0,0,0.14,0,0.0,0,0.89,1,1.0,1,0.0,0,0.07375,0,1.0,1,1.0,1,0.8766666666666667,1,0.5595070724051274,1,0.7198593170913192,1,1.0,1,0.815,1,0.0,0,0.1,0,0.14,0,0.4984625931775501,1,0.0,0,0.99,1,0.2,0,1.0,1,1.0,1,0.0,0,0.47865338133356516,0
0.4048742130446146,0,0.98,1,0.99,1,1.0,1,0.0,0,0.44018722501792323,0,0.5536873683962985,1,0.11,0,0.49717882474695946,1,0.084,0,1.0,1,0.0,0,1.0,1,0.4376413804059274,0,0.5817632939674844,1,0.0,0,1.0,1,1.0,1,0.09875,0,1.0,1,0.93625,1,0.83,1,0.07,0,0.0,0,0.962,1,0.0,0,0.84,1,1.0,1,0.92,1,0.0,0,0.0,0,0.72,1,1.0,1,1.0,1,0.03666666666666667,0,0.4853449682857333,0,0.5886913117622338,1,1.0,1,0.07625,0,0.0,0,0.99,1,0.94,1,0.4878422906589584,1,0.0,0,0.96,1,0.88,1,0.0,0,1.0,1,0.0,0,0.5436358237434272,1
0.5124824541625668,1,0.96,1,0.85,1,0.0,0,0.0,0,0.47684882618639934,0,0.5477056155670456,1,0.06,0,0.3985982465592134,0,0.838,1,1.0,1,0.0,0,0.0,0,0.43510318153012323,0,0.6526723927393748,1,1.0,1,1.0,1,0.0,0,0.8875,1,0.0,0,0.08625,0,0.85,1,0.96,1,0.0,0,0.746,1,1.0,1,0.07,0,0.0,0,0.07,0,0.0,0,0.0,0,0.05375,0,0.0,0,1.0,1,0.8533333333333334,1,0.48616003395536866,0,0.26699479477428273,0,1.0,1,0.91625,1,1.0,1,0.96,1,0.05,0,0.49937780976582785,1,1.0,1,0.92,1,0.85,1,1.0,1,0.0,0,1.0,1,0.46097772330295816,0
0.45018694611402166,0,0.18,0,0.04,0,0.0,0,1.0,1,0.5197890392522964,0,0.4987422462909884,1,0.09,0,0.361610697196458,0,0.784,1,0.0,0,0.0,0,0.0,0,0.7828433338016636,1,0.838600067249064,1,0.0,0,0.0,0,1.0,1,0.05375,0,0.0,0,0.0575,0,0.92,1,0.23,0,1.0,1,0.849,1,0.0,0,0.16,0,1.0,1,0.12,0,1.0,1,0.0,0,0.67375,1,1.0,1,1.0,1,0.7333333333333333,1,0.4814859959684438,0,0.23810899880294376,0,1.0,1,0.90625,1,1.0,1,0.79,1,0.18,0,0.44025675678558873,0,0.0,0,0.71,1,1.0,1,0.0,0,0.0,0,1.0,1,0.4910771388114494,0
0.3554490351602311,0,0.07,0,0.05,0,0.0,0,1.0,1,0.5484351246021768,0,0.4455560179797307,0,0.02,0,0.6200962071256618,1,0.935,1,1.0,1,0.0,0,1.0,1,0.38182110543092806,0,0.4492420182600587,1,1.0,1,0.0,0,0.0,0,0.12375,0,0.0,0,0.89625,1,0.97,1,0.82,1,0.0,0,0.124,0,1.0,1,0.87,1,1.0,1,0.12,0,0.0,0,1.0,1,0.86125,1,0.0,0,1.0,1,0.8533333333333334,1,0.5771667773364878,1,0.7868775426206063,1,0.0,0,0.9675,1,0.0,0,0.93,1,0.94,1,0.5206494595450135,1,1.0,1,0.94,1,0.23,0,1.0,1,1.0,1,1.0,1,0.45248838413232834,0
0.6836595676864471,1,0.14,0,0.91,1,0.0,0,1.0,1,0.6258790311604018,1,0.5027213851263753,0,0.13,0,0.4119316379599986,0,0.893,1,0.0,0,0.0,0,0.0,0,0.47513810461715705,0,0.522189463165133,1,0.0,0,0.0,0,1.0,1,0.0475,0,1.0,1,0.15125,0,0.92,1,0.97,1,1.0,1,0.701,1,0.0,0,0.91,1,1.0,1,0.84,1,1.0,1,0.0,0,0.96375,1,1.0,1,0.0,0,0.19,0,0.5044251758471365,1,0.7224708813637952,1,1.0,1,0.965,1,1.0,1,0.86,1,0.02,0,0.4236849604948039,0,0.0,0,0.05,0,0.94,1,1.0,1,1.0,1,1.0,1,0.4985477655989999,1
0.45901408246020337,0,0.82,1,0.1,0,0.0,0,0.0,0,0.5194309953771045,1,0.48331779072642006,0,0.79,1,0.4769975856720141,0,0.929,1,0.0,0,0.0,0,0.0,0,0.41633255003368447,0,0.48779133885712905,1,0.0,0,0.0,0,1.0,1,0.09,0,0.0,0,0.67125,1,0.18,0,0.93,1,1.0,1,0.048,0,1.0,1,0.09,0,0.0,0,0.23,0,1.0,1,0.0,0,0.1125,0,1.0,1,0.0,0,0.15666666666666668,0,0.4968714957574003,0,0.36628058606865527,0,1.0,1,0.91875,1,1.0,1,0.94,1,0.97,1,0.48289062361746243,0,1.0,1,0.97,1,0.87,1,0.0,0,1.0,1,1.0,1,0.5420988044073634,1
0.5329038796318738,0,0.12,0,0.9,1,0.0,0,0.0,0,0.4688956984273971,0,0.524191730986359,1,0.87,1,0.7005215412322653,1,0.911,1,1.0,1,0.0,0,1.0,1,0.5731860564676589,1,0.3551746070229126,0,1.0,1,0.0,0,0.0,0,0.10875,0,0.0,0,0.0875,0,0.94,1,0.83,1,1.0,1,0.946,1,1.0,1,0.1,0,1.0,1,0.09,0,0.0,0,0.0,0,0.9325,1,1.0,1,0.0,0,0.07666666666666666,0,0.5095297420985151,0,0.26459500172662614,0,0.0,0,0.96,1,0.0,0,0.03,0,0.06,0,0.6124494847736595,1,0.0,0,0.84,1,0.22,0,0.0,0,1.0,1,1.0,1,0.5133306085726506,1
0.6415388536042091,1,0.13,0,0.94,1,1.0,1,1.0,1,0.48653468792807336,1,0.5140387848068116,1,0.21,0,0.5787076367728802,1,0.1,0,1.0,1,1.0,1,0.0,0,0.3512632537924334,0,0.4483061888245803,0,0.0,0,1.0,1,1.0,1,0.90375,1,0.0,0,0.9225,1,0.06,0,0.92,1,0.0,0,0.262,0,0.0,0,0.86,1,0.0,0,0.79,1,0.0,0,0.0,0,0.965,1,1.0,1,1.0,1,0.07333333333333333,0,0.5116150699296176,1,0.29901121749884474,0,1.0,1,0.11,0,1.0,1,0.17,0,0.19,0,0.5472068797146216,1,1.0,1,0.93,1,0.09,0,0.0,0,1.0,1,1.0,1,0.5037483574221899,0
0.5263438527407582,0,0.08,0,0.86,1,1.0,1,1.0,1,0.6401642067076979,1,0.6076963249667088,1,0.96,1,0.7399943833692162,1,0.148,0,1.0,1,0.0,0,1.0,1,0.38904859911400413,0,0.5627052084887418,1,1.0,1,1.0,1,1.0,1,0.0825,0,1.0,1,0.07125,0,0.18,0,0.75,1,1.0,1,0.888,1,1.0,1,0.19,0,0.0,0,0.03,0,1.0,1,1.0,1,0.74625,1,1.0,1,0.0,0,0.1,0,0.5257904786111762,1,0.6551707405550118,1,0.0,0,0.85125,1,1.0,1,0.16,0,0.8,1,0.5182970694794151,1,0.0,0,0.94,1,0.12,0,0.0,0,1.0,1,1.0,1,0.5611984039392559,1
0.6806342969949997,1,0.96,1,0.95,1,0.0,0,0.0,0,0.670966077211882,1,0.6564214755306172,1,0.86,1,0.45084472002004283,0,0.901,1,0.0,0,0.0,0,0.0,0,0.5154246789838205,1,0.4001504628337444,0,0.0,0,1.0,1,0.0,0,0.8075,1,0.0,0,0.34875,0,0.94,1,0.1,0,1.0,1,0.907,1,0.0,0,0.8,1,0.0,0,1.0,1,1.0,1,1.0,1,0.10375,0,0.0,0,0.0,0,0.9466666666666667,1,0.489839122359164,0,0.418763032025449,0,0.0,0,0.905,1,0.0,0,0.79,1,0.84,1,0.5983404643458571,1,0.0,0,0.95,1,0.14,0,1.0,1,1.0,1,0.0,0,0.4665375283364261,0
0.5287691753397579,1,0.95,1,0.95,1,1.0,1,0.0,0,0.5011064109983319,0,0.5216446246607845,1,0.17,0,0.4950339899550334,1,0.842,1,0.0,0,1.0,1,1.0,1,0.3301534211202407,0,0.34965314134790043,0,1.0,1,0.0,0,0.0,0,0.925,1,1.0,1,0.05625,0,0.78,1,0.74,1,0.0,0,0.962,1,1.0,1,0.06,0,1.0,1,0.19,0,0.0,0,1.0,1,0.89375,1,1.0,1,0.0,0,0.9233333333333333,1,0.5692842649177737,1,0.5756221610660649,1,1.0,1,0.04125,0,1.0,1,0.72,1,0.95,1,0.517356807752039,1,1.0,1,0.83,1,0.96,1,1.0,1,0.0,0,0.0,0,0.5342091338811698,1
0.4144914483598939,0,0.93,1,0.19,0,0.0,0,1.0,1,0.4570787534207087,0,0.48637406647457093,0,0.1,0,0.30755626468021896,0,0.091,0,0.0,0,0.0,0,0.0,0,0.8411457136649422,1,0.7979127044869585,1,1.0,1,1.0,1,0.0,0,0.045,0,1.0,1,0.13375,0,0.01,0,0.05,0,1.0,1,0.867,1,1.0,1,0.78,1,1.0,1,0.86,1,0.0,0,1.0,1,0.9025,1,0.0,0,0.0,0,0.12666666666666668,0,0.492101411035974,0,0.8014920003968082,1,0.0,0,0.76875,1,1.0,1,0.76,1,0.14,0,0.49886458737190204,1,0.0,0,0.9,1,0.96,1,0.0,0,1.0,1,1.0,1,0.5028892524115309,1
0.6806631649390152,1,0.07,0,0.97,1,0.0,0,1.0,1,0.5430285983702263,1,0.5009142274698779,1,0.95,1,0.6111081884424159,1,0.798,1,0.0,0,1.0,1,1.0,1,0.8368136452543784,1,0.7637223394842658,1,1.0,1,0.0,0,0.0,0,0.07375,0,0.0,0,0.9775,1,0.11,0,0.97,1,1.0,1,0.86,1,1.0,1,0.94,1,0.0,0,0.89,1,1.0,1,1.0,1,0.07125,0,0.0,0,1.0,1,0.9433333333333334,1,0.5376843503529404,1,0.3947441473914544,0,1.0,1,0.07125,0,1.0,1,0.08,0,0.87,1,0.48684697201923993,0,1.0,1,0.93,1,0.84,1,1.0,1,0.0,0,0.0,0,0.5130674349149789,0
0.7294603579151335,1,0.03,0,0.06,0,1.0,1,0.0,0,0.5323384426574534,1,0.4888729220033489,0,0.88,1,0.37215698790277785,0,0.896,1,1.0,1,0.0,0,0.0,0,0.5598650839509755,1,0.3415301639926783,0,1.0,1,0.0,0,1.0,1,0.05875,0,0.0,0,0.195,0,0.94,1,0.11,0,0.0,0,0.948,1,1.0,1,0.85,1,0.0,0,0.03,0,1.0,1,0.0,0,0.91875,1,1.0,1,1.0,1,0.04666666666666667,0,0.5317145754219879,1,0.47317631741323424,0,1.0,1,0.92625,1,0.0,0,0.15,0,0.04,0,0.5254935928920978,1,1.0,1,0.03,0,0.91,1,1.0,1,0.0,0,1.0,1,0.4561291999487934,0
0.37849496303009095,0,0.9,1,0.99,1,0.0,0,1.0,1,0.5835665982647898,1,0.568422958080832,1,0.96,1,0.4956353576377618,0,0.06,0,0.0,0,0.0,0,0.0,0,0.4366305909053439,1,0.4929417859492436,1,1.0,1,1.0,1,0.0,0,0.0775,0,0.0,0,0.84125,1,0.05,0,0.83,1,1.0,1,0.058,0,1.0,1,0.89,1,1.0,1,0.07,0,0.0,0,1.0,1,0.8825,1,1.0,1,1.0,1,0.9466666666666667,1,0.5036102497605593,1,0.3511753700383113,0,0.0,0,0.165,0,1.0,1,0.96,1,0.87,1,0.5752847043545252,1,1.0,1,0.75,1,0.82,1,0.0,0,0.0,0,1.0,1,0.43400699013103017,0
0.4106899731511098,0,0.06,0,0.09,0,1.0,1,0.0,0,0.5243808885971589,1,0.4969236333369917,1,0.05,0,0.32219106258674973,0,0.063,0,1.0,1,1.0,1,1.0,1,0.6498411953951125,1,0.5808207235400414,1,0.0,0,0.0,0,1.0,1,0.95375,1,0.0,0,0.77625,1,0.84,1,0.87,1,0.0,0,0.861,1,0.0,0,0.05,0,0.0,0,0.99,1,1.0,1,1.0,1,0.79875,1,1.0,1,1.0,1,0.78,1,0.5543551511449211,1,0.38897755333072315,0,1.0,1,0.05375,0,0.0,0,0.93,1,0.05,0,0.5192363554247847,1,0.0,0,0.01,0,0.1,0,1.0,1,1.0,1,1.0,1,0.5957358849899437,1
0.5903561851775965,1,0.12,0,0.12,0,0.0,0,1.0,1,0.4525799995630198,0,0.49163824797640143,0,0.96,1,0.36698209991863484,0,0.876,1,0.0,0,1.0,1,1.0,1,0.4045283016404386,0,0.3045895565130137,0,1.0,1,1.0,1,1.0,1,0.89875,1,1.0,1,0.0575,0,0.08,0,0.07,0,0.0,0,0.062,0,1.0,1,0.08,0,0.0,0,0.04,0,1.0,1,0.0,0,0.09375,0,1.0,1,0.0,0,0.07666666666666666,0,0.5045763305533416,1,0.29750765982574906,0,1.0,1,0.05625,0,0.0,0,0.77,1,0.98,1,0.41047063270273926,0,1.0,1,0.9,1,0.07,0,1.0,1,0.0,0,1.0,1,0.48638552234552507,1
0.3962234945955809,0,0.81,1,0.18,0,1.0,1,1.0,1,0.7099364955747517,1,0.5678197930891464,1,0.05,0,0.3235246794232848,0,0.103,0,1.0,1,0.0,0,1.0,1,0.532966508497231,1,0.5397742365604905,1,0.0,0,0.0,0,0.0,0,0.825,1,0.0,0,0.0325,0,0.1,0,0.13,0,1.0,1,0.1,0,1.0,1,0.96,1,1.0,1,0.06,0,0.0,0,0.0,0,0.885,1,1.0,1,1.0,1,0.98,1,0.592588283756094,1,0.2964188125534863,0,0.0,0,0.0825,0,1.0,1,0.83,1,0.14,0,0.4981311918796125,0,1.0,1,0.13,0,0.96,1,0.0,0,0.0,0,1.0,1,0.5111952222306692,1
0.48647864517838374,0,0.87,1,0.06,0,1.0,1,1.0,1,0.533124168645364,0,0.5102187275504375,0,0.02,0,0.3952772718084552,0,0.035,0,0.0,0,1.0,1,0.0,0,0.49771183198525876,1,0.7546108972964057,1,0.0,0,1.0,1,0.0,0,0.12625,0,1.0,1,0.9425,1,0.93,1,0.9,1,0.0,0,0.065,0,1.0,1,0.85,1,1.0,1,0.11,0,1.0,1,1.0,1,0.24625,0,0.0,0,1.0,1,0.9,1,0.5015410631719058,0,0.519022737350402,1,0.0,0,0.14375,0,0.0,0,0.07,0,0.77,1,0.4241482673243173,0,0.0,0,0.06,0,0.97,1,0.0,0,0.0,0,0.0,0,0.5769394494933732,1
0.37340373609416483,0,0.1,0,0.82,1,0.0,0,1.0,1,0.6431683904186233,1,0.5159895991288951,1,0.06,0,0.35701936815391955,0,0.822,1,1.0,1,1.0,1,0.0,0,0.41143777730607467,0,0.6798062972122074,1,1.0,1,0.0,0,1.0,1,0.97875,1,0.0,0,0.79375,1,0.94,1,0.95,1,1.0,1,0.955,1,1.0,1,0.93,1,0.0,0,0.96,1,1.0,1,0.0,0,0.9475,1,0.0,0,0.0,0,0.15333333333333332,0,0.519925271319329,1,0.2680030733628461,0,1.0,1,0.88125,1,1.0,1,0.03,0,0.09,0,0.45967717726410984,0,1.0,1,0.16,0,0.09,0,1.0,1,1.0,1,0.0,0,0.5089372258657092,1
0.4258425766096207,0,0.11,0,0.87,1,0.0,0,1.0,1,0.5313186825060691,1,0.48267128711142837,1,0.12,0,0.5052724888374245,1,0.057,0,0.0,0,1.0,1,0.0,0,0.8149887656314889,1,0.27327954577175934,0,0.0,0,1.0,1,1.0,1,0.83,1,0.0,0,0.12625,0,0.97,1,0.09,0,1.0,1,0.03,0,1.0,1,0.83,1,0.0,0,0.92,1,0.0,0,0.0,0,0.10625,0,0.0,0,0.0,0,0.09,0,0.5387379084947217,1,0.5949342943286108,1,1.0,1,0.155,0,0.0,0,0.86,1,0.94,1,0.4566582125090421,0,0.0,0,0.92,1,0.1,0,1.0,1,0.0,0,0.0,0,0.5469331701382716,1
0.31464020259108144,0,0.93,1,0.22,0,0.0,0,0.0,0,0.4980228836210772,0,0.5786686837975724,1,0.97,1,0.4293874334124308,0,0.939,1,1.0,1,1.0,1,1.0,1,0.46803334177947437,0,0.7992969888811394,1,0.0,0,0.0,0,1.0,1,0.6825,1,0.0,0,0.8925,1,0.97,1,0.11,0,0.0,0,0.769,1,0.0,0,0.06,0,0.0,0,0.92,1,1.0,1,0.0,0,0.885,1,1.0,1,1.0,1,0.9766666666666667,1,0.5269588237133976,1,0.44384752347392414,0,1.0,1,0.75,1,0.0,0,0.79,1,0.09,0,0.5233550705249153,1,0.0,0,0.06,0,0.07,0,1.0,1,1.0,1,0.0,0,0.5244872826027975,1
0.5495193428340145,1,0.93,1,0.09,0,1.0,1,1.0,1,0.46808050034295157,0,0.4766879489530884,0,0.97,1,0.7227137610999366,1,0.958,1,0.0,0,0.0,0,1.0,1,0.6220412685711869,1,0.5493206958655457,1,1.0,1,0.0,0,0.0,0,0.89125,1,1.0,1,0.9425,1,0.05,0,0.14,0,1.0,1,0.1,0,0.0,0,0.1,0,0.0,0,0.93,1,1.0,1,0.0,0,0.06875,0,1.0,1,0.0,0,0.06333333333333334,0,0.5573192173237426,1,0.549150658920219,1,0.0,0,0.15125,0,0.0,0,0.05,0,0.95,1,0.45749709344718215,0,1.0,1,0.92,1,0.07,0,1.0,1,1.0,1,0.0,0,0.4675696861066994,0
0.37158531271639084,0,0.04,0,0.06,0,1.0,1,1.0,1,0.5376752285907216,1,0.4861340258598893,0,0.86,1,0.4711044291222341,0,0.802,1,1.0,1,1.0,1,0.0,0,0.6624408960173469,1,0.48818406675679493,1,0.0,0,1.0,1,0.0,0,0.8875,1,0.0,0,0.0725,0,0.05,0,0.83,1,1.0,1,0.83,1,0.0,0,0.08,0,0.0,0,0.05,0,0.0,0,1.0,1,0.06875,0,0.0,0,0.0,0,0.97,1,0.5273244307134967,1,0.4651920885807665,0,1.0,1,0.73875,1,1.0,1,0.1,0,0.05,0,0.42346588963854814,0,1.0,1,0.06,0,0.05,0,0.0,0,0.0,0,1.0,1,0.5107388956427309,1
0.5609624639885268,1,0.4,0,0.11,0,1.0,1,1.0,1,0.6152138753734034,1,0.5357352563074631,1,0.06,0,0.39032652430055687,0,0.14,0,0.0,0,0.0,0,0.0,0,0.5265656816543038,1,0.5139239602870167,1,1.0,1,0.0,0,0.0,0,0.94625,1,0.0,0,0.8825,1,0.3,0,0.21,0,1.0,1,0.113,0,1.0,1,0.93,1,0.0,0,0.72,1,1.0,1,0.0,0,0.06875,0,0.0,0,1.0,1,0.9166666666666666,1,0.5786661355428427,1,0.7583773654399901,1,1.0,1,0.945,1,0.0,0,0.06,0,0.67,1,0.4386877276866261,0,0.0,0,0.84,1,0.1,0,0.0,0,1.0,1,0.0,0,0.5277271252548043,1
0.439947372254694,0,0.06,0,0.89,1,1.0,1,0.0,0,0.38995014379928244,0,0.5400055994015801,1,0.05,0,0.5747970878002558,1,0.127,0,1.0,1,1.0,1,1.0,1,0.6995112216143642,1,0.7439069038024579,1,1.0,1,1.0,1,0.0,0,0.9375,1,1.0,1,0.82,1,0.15,0,0.81,1,0.0,0,0.168,0,1.0,1,0.04,0,0.0,0,0.95,1,0.0,0,1.0,1,0.8325,1,1.0,1,1.0,1,0.97,1,0.5369958719113513,1,0.5353141337195723,1,1.0,1,0.9775,1,1.0,1,0.13,0,0.28,0,0.5603712008500624,1,0.0,0,0.92,1,0.84,1,1.0,1,0.0,0,1.0,1,0.5181372365793007,1
0.7794975985200254,1,0.99,1,0.09,0,1.0,1,0.0,0,0.6589635132609705,1,0.6057584804547403,1,0.15,0,0.5366033543681066,0,0.972,1,0.0,0,0.0,0,1.0,1,0.746880618270461,1,0.339230829927221,0,0.0,0,1.0,1,1.0,1,0.03125,0,0.0,0,0.79375,1,0.79,1,0.1,0,0.0,0,0.051,0,1.0,1,0.94,1,1.0,1,0.81,1,1.0,1,0.0,0,0.89125,1,1.0,1,1.0,1,0.9766666666666667,1,0.5540245792151145,1,0.7748947435200223,1,1.0,1,0.1,0,1.0,1,0.08,0,0.88,1,0.582208135157412,1,0.0,0,0.92,1,0.17,0,1.0,1,1.0,1,0.0,0,0.5728543241357212,1
0.4988155232091887,0,0.11,0,0.89,1,0.0,0,0.0,0,0.6189424591165587,1,0.5684858631048838,1,0.8,1,0.8468247529581925,1,0.077,0,0.0,0,1.0,1,1.0,1,0.4582592700164955,0,0.5773136344560685,1,0.0,0,0.0,0,0.0,0,0.115,0,1.0,1,0.19625,0,0.13,0,0.02,0,1.0,1,0.06,0,1.0,1,0.92,1,1.0,1,0.89,1,1.0,1,0.0,0,0.15625,0,1.0,1,0.0,0,0.9466666666666667,1,0.5150507091920705,1,0.9255028682902716,1,1.0,1,0.075,0,1.0,1,0.94,1,0.77,1,0.49806733639283995,1,1.0,1,0.81,1,0.89,1,0.0,0,0.0,0,1.0,1,0.4128604874494857,0
0.7302863456481002,1,0.23,0,0.11,0,1.0,1,0.0,0,0.41141702544881265,0,0.5520325046175187,1,0.04,0,0.5383448211723463,1,0.137,0,1.0,1,1.0,1,1.0,1,0.4054239504708395,0,0.42047786157943473,0,1.0,1,1.0,1,0.0,0,0.0625,0,1.0,1,0.08875,0,0.04,0,0.05,0,0.0,0,0.866,1,1.0,1,0.95,1,0.0,0,0.13,0,0.0,0,0.0,0,0.8025,1,1.0,1,1.0,1,0.9833333333333333,1,0.47984228201018597,0,0.5728168031696959,1,1.0,1,0.035,0,0.0,0,0.96,1,0.96,1,0.47274190565653734,0,0.0,0,0.93,1,0.88,1,0.0,0,1.0,1,0.0,0,0.4730336755417573,0
0.5762285834690501,1,0.81,1,0.03,0,0.0,0,1.0,1,0.5091351008870655,1,0.4797404607876239,0,0.85,1,0.44655111904929246,0,0.823,1,0.0,0,1.0,1,1.0,1,0.5798526198994228,1,0.5983675600858,1,0.0,0,1.0,1,0.0,0,0.0425,0,0.0,0,0.93875,1,0.89,1,0.08,0,1.0,1,0.133,0,1.0,1,0.98,1,0.0,0,0.08,0,1.0,1,1.0,1,0.975,1,1.0,1,0.0,0,0.7733333333333333,1,0.4642459262368927,0,0.6990750235777061,1,0.0,0,0.21625,0,0.0,0,0.11,0,0.01,0,0.5015155595543079,0,1.0,1,0.9,1,0.85,1,1.0,1,0.0,0,1.0,1,0.4831223012967214,0
0.6298091319667178,1,0.05,0,0.06,0,0.0,0,1.0,1,0.39691120507211136,0,0.4949851332863245,0,0.97,1,0.45146030713999835,0,0.034,0,0.0,0,0.0,0,1.0,1,0.48892753876747636,1,0.4004180506557294,0,1.0,1,0.0,0,1.0,1,0.83,1,0.0,0,0.95625,1,0.07,0,0.98,1,1.0,1,0.936,1,1.0,1,0.11,0,1.0,1,0.04,0,0.0,0,1.0,1,0.16375,0,0.0,0,0.0,0,0.7833333333333333,1,0.5053717385732326,1,0.5398201433290609,1,0.0,0,0.98125,1,1.0,1,0.88,1,0.88,1,0.5332185846618512,1,0.0,0,0.04,0,0.99,1,0.0,0,0.0,0,1.0,1,0.6285626591112125,1
0.2874289854840538,0,0.98,1,0.93,1,0.0,0,1.0,1,0.6280262300723701,1,0.5322468218664915,1,0.25,0,0.664994013686658,1,0.066,0,0.0,0,1.0,1,0.0,0,0.6677299880342784,1,0.6558757151220306,1,1.0,1,1.0,1,0.0,0,0.15125,0,0.0,0,0.98375,1,0.88,1,0.95,1,1.0,1,0.058,0,1.0,1,0.98,1,1.0,1,0.75,1,1.0,1,0.0,0,0.745,1,1.0,1,1.0,1,0.06666666666666667,0,0.48937122394421306,0,0.3722219798011456,0,0.0,0,0.9675,1,0.0,0,0.17,0,0.99,1,0.4511770697244409,0,1.0,1,0.97,1,0.96,1,1.0,1,1.0,1,0.0,0,0.5153130767467119,1
0.6175112714825383,1,0.08,0,0.9,1,1.0,1,0.0,0,0.48540846671670573,0,0.6623384582058613,1,0.11,0,0.34696613539640053,0,0.856,1,1.0,1,1.0,1,0.0,0,0.6057270105572795,1,0.539357598072275,1,1.0,1,1.0,1,0.0,0,0.83875,1,1.0,1,0.165,0,0.08,0,0.12,0,0.0,0,0.095,0,1.0,1,0.99,1,1.0,1,0.92,1,0.0,0,1.0,1,0.83625,1,1.0,1,1.0,1,0.12,0,0.5989005960162186,1,0.5365799188663158,1,0.0,0,0.79125,1,1.0,1,0.06,0,0.15,0,0.4585084044289038,0,0.0,0,0.88,1,0.14,0,1.0,1,0.0,0,0.0,0,0.4322245302004565,0
0.36632346917388814,0,0.88,1,0.15,0,1.0,1,0.0,0,0.44380530204677404,0,0.5359808312705897,1,0.27,0,0.7196429602868545,1,0.036,0,1.0,1,1.0,1,0.0,0,0.38742510752449333,0,0.3283094447003784,0,0.0,0,1.0,1,1.0,1,0.045,0,0.0,0,0.91375,1,0.08,0,0.94,1,1.0,1,0.938,1,1.0,1,0.11,0,1.0,1,0.15,0,1.0,1,0.0,0,0.04125,0,1.0,1,1.0,1,0.8566666666666667,1,0.5980122305959772,1,0.516170107240684,1,1.0,1,0.11375,0,1.0,1,0.76,1,0.9,1,0.45439442007445496,0,1.0,1,0.97,1,0.9,1,0.0,0,1.0,1,0.0,0,0.519490305831346,1
0.7063286498431844,1,0.92,1,0.88,1,1.0,1,1.0,1,0.742135618495528,1,0.5534854836720225,1,0.87,1,0.45752838439799626,0,0.944,1,1.0,1,1.0,1,0.0,0,0.49863335237004386,1,0.3702284355943918,0,0.0,0,0.0,0,1.0,1,0.0975,0,0.0,0,0.87625,1,0.73,1,0.1,0,0.0,0,0.058,0,0.0,0,0.97,1,1.0,1,0.07,0,1.0,1,1.0,1,0.9425,1,1.0,1,0.0,0,0.08,0,0.515044996473952,1,0.7025527214348677,1,0.0,0,0.96,1,0.0,0,0.16,0,0.82,1,0.5676983742336762,1,1.0,1,0.09,0,0.18,0,0.0,0,1.0,1,0.0,0,0.41225081160886157,0
0.5212164753147647,1,0.12,0,0.18,0,1.0,1,1.0,1,0.4014398484512715,0,0.4876356166797463,0,0.29,0,0.3963371884108365,0,0.958,1,1.0,1,0.0,0,1.0,1,0.3458311248457132,0,0.3239198144992605,0,0.0,0,0.0,0,0.0,0,0.0825,0,0.0,0,0.0475,0,0.8,1,0.93,1,1.0,1,0.801,1,1.0,1,0.99,1,0.0,0,0.01,0,1.0,1,0.0,0,0.94125,1,1.0,1,0.0,0,0.8366666666666667,1,0.5304507569424006,1,0.3577023902732305,0,1.0,1,0.12125,0,1.0,1,0.89,1,0.05,0,0.4921151678043278,0,0.0,0,0.99,1,0.09,0,0.0,0,1.0,1,1.0,1,0.509316413397262,1
0.46415864784882693,0,0.83,1,0.07,0,1.0,1,0.0,0,0.4052826487295068,0,0.49087108272138996,0,0.1,0,0.7475171403626584,1,0.928,1,0.0,0,0.0,0,0.0,0,0.3393652541258488,0,0.8391847308393113,1,1.0,1,0.0,0,1.0,1,0.14875,0,1.0,1,0.83875,1,0.11,0,0.85,1,1.0,1,0.093,0,0.0,0,0.04,0,0.0,0,0.04,0,0.0,0,0.0,0,0.04,0,0.0,0,0.0,0,0.12333333333333334,0,0.4749112484831717,0,0.7299559062722746,1,0.0,0,0.07,0,0.0,0,0.05,0,0.01,0,0.4922898678626939,0,1.0,1,0.92,1,0.14,0,0.0,0,1.0,1,1.0,1,0.6027690257099569,1
0.46900116421882465,0,0.92,1,0.99,1,0.0,0,1.0,1,0.610999612913685,1,0.5060020215024233,1,0.08,0,0.8601170735402076,1,0.958,1,0.0,0,1.0,1,1.0,1,0.32012257416510775,0,0.9055325416983864,1,0.0,0,1.0,1,0.0,0,0.0875,0,0.0,0,0.06,0,0.94,1,0.91,1,1.0,1,0.916,1,0.0,0,0.12,0,0.0,0,0.02,0,0.0,0,0.0,0,0.9775,1,0.0,0,0.0,0,0.05333333333333334,0,0.4954314366768544,0,0.39214062862063004,0,0.0,0,0.9125,1,1.0,1,0.03,0,0.08,0,0.5803579921962658,1,0.0,0,0.06,0,0.07,0,0.0,0,0.0,0,0.0,0,0.5667968529227756,1
0.6338704269525595,1,0.07,0,0.15,0,0.0,0,0.0,0,0.6501405002764835,1,0.5875648798024602,1,0.78,1,0.31828743738357856,0,0.095,0,0.0,0,0.0,0,1.0,1,0.8810694497434228,1,0.34898846247585125,0,1.0,1,0.0,0,1.0,1,0.91375,1,1.0,1,0.765,1,0.89,1,0.97,1,1.0,1,0.136,0,0.0,0,0.99,1,0.0,0,0.22,0,0.0,0,1.0,1,0.9525,1,0.0,0,1.0,1,0.86,1,0.5087158601602375,0,0.8534416206191565,1,0.0,0,0.20875,0,1.0,1,0.71,1,0.21,0,0.512774807544399,1,0.0,0,0.95,1,0.12,0,1.0,1,1.0,1,1.0,1,0.5933128072576043,1
0.45979392332628904,0,0.74,1,0.89,1,1.0,1,1.0,1,0.5317311677427269,1,0.48195580378174585,0,0.97,1,0.4257083281147868,0,0.046,0,1.0,1,0.0,0,0.0,0,0.4711209162697195,0,0.5909454162777031,1,0.0,0,0.0,0,1.0,1,0.89125,1,0.0,0,0.95125,1,0.04,0,0.93,1,0.0,0,0.173,0,0.0,0,0.97,1,0.0,0,0.06,0,0.0,0,1.0,1,0.795,1,0.0,0,0.0,0,0.056666666666666664,0,0.5434018627766861,1,0.5414311347582287,1,0.0,0,0.84,1,1.0,1,0.87,1,0.09,0,0.6310574419852755,1,0.0,0,0.75,1,0.86,1,1.0,1,1.0,1,1.0,1,0.4996440632806862,0
0.47707967424208175,0,0.15,0,0.98,1,1.0,1,1.0,1,0.39397248643085264,0,0.5746652602730488,1,0.97,1,0.690079259761612,1,0.051,0,0.0,0,0.0,0,0.0,0,0.42994971435814966,0,0.5190365713157554,1,1.0,1,1.0,1,1.0,1,0.90875,1,0.0,0,0.95375,1,0.21,0,0.97,1,1.0,1,0.067,0,1.0,1,0.98,1,0.0,0,0.94,1,0.0,0,1.0,1,0.06625,0,1.0,1,1.0,1,0.9,1,0.4823211063035568,0,0.29613382271147715,0,0.0,0,0.95125,1,0.0,0,0.89,1,0.88,1,0.402185015234535,0,1.0,1,0.04,0,0.13,0,0.0,0,1.0,1,1.0,1,0.4798048036786172,0
0.6146286527065311,1,0.85,1,0.08,0,0.0,0,0.0,0,0.48931876673304026,0,0.4604212726458951,0,0.84,1,0.7155347852652865,1,0.945,1,0.0,0,1.0,1,1.0,1,0.6444350071988276,1,0.7836235755077051,1,1.0,1,1.0,1,1.0,1,0.8925,1,0.0,0,0.0575,0,0.98,1,0.09,0,0.0,0,0.817,1,1.0,1,0.88,1,0.0,0,0.92,1,0.0,0,0.0,0,0.895,1,1.0,1,1.0,1,0.03,0,0.5420557450518793,1,0.6357743627414516,1,0.0,0,0.97625,1,1.0,1,0.95,1,0.98,1,0.49445269699446565,0,0.0,0,0.98,1,0.84,1,1.0,1,1.0,1,1.0,1,0.6095474167643521,1
0.29197996717229213,0,0.08,0,0.79,1,0.0,0,1.0,1,0.3508092928471832,0,0.5083516788309441,0,0.93,1,0.3843665153679349,0,0.056,0,1.0,1,0.0,0,0.0,0,0.5653150985893979,1,0.2753109892773645,0,0.0,0,1.0,1,1.0,1,0.11,0,0.0,0,0.82875,1,0.89,1,0.03,0,0.0,0,0.099,0,1.0,1,0.06,0,0.0,0,0.07,0,1.0,1,1.0,1,0.06125,0,0.0,0,1.0,1,0.89,1,0.46755504941295917,0,0.292168741042134,0,1.0,1,0.95,1,1.0,1,0.21,0,0.02,0,0.5226001988202518,1,1.0,1,0.03,0,0.88,1,0.0,0,1.0,1,0.0,0,0.4296681688506866,0
0.5988436651812276,1,0.1,0,0.86,1,0.0,0,1.0,1,0.3944928585677654,0,0.6116145400769618,1,0.76,1,0.4044584545615996,0,0.095,0,1.0,1,1.0,1,1.0,1,0.43846461590105174,0,0.4189045931559296,0,1.0,1,0.0,0,1.0,1,0.0525,0,1.0,1,0.07875,0,0.73,1,0.94,1,0.0,0,0.051,0,1.0,1,0.88,1,1.0,1,0.97,1,1.0,1,1.0,1,0.1175,0,1.0,1,0.0,0,0.07666666666666666,0,0.47941376857110013,0,0.7062705737745777,1,0.0,0,0.95375,1,1.0,1,0.09,0,0.96,1,0.638456504120118,1,0.0,0,0.14,0,0.08,0,1.0,1,1.0,1,1.0,1,0.46600479254647914,0
0.5504344558946435,1,0.06,0,0.84,1,1.0,1,0.0,0,0.5152633128545095,1,0.4839785980952675,0,0.79,1,0.538222644990659,1,0.922,1,1.0,1,1.0,1,1.0,1,0.6678437600377752,1,0.7324083111577693,1,0.0,0,0.0,0,1.0,1,0.155,0,1.0,1,0.1175,0,0.12,0,0.17,0,1.0,1,0.909,1,1.0,1,0.08,0,0.0,0,0.94,1,1.0,1,0.0,0,0.95,1,1.0,1,1.0,1,0.056666666666666664,0,0.5043163332544114,0,0.6145649901651239,1,1.0,1,0.965,1,0.0,0,0.94,1,0.86,1,0.5233975201052506,0,0.0,0,0.94,1,0.07,0,0.0,0,1.0,1,0.0,0,0.4787412124402518,0
0.6144859502548106,1,0.95,1,0.06,0,1.0,1,1.0,1,0.4716477901260617,0,0.6560787851865455,1,0.09,0,0.44345679791306564,0,0.082,0,0.0,0,1.0,1,0.0,0,0.37609424713381323,0,0.3503152406395302,0,1.0,1,1.0,1,1.0,1,0.11625,0,0.0,0,0.945,1,0.85,1,0.08,0,1.0,1,0.756,1,0.0,0,0.19,0,0.0,0,0.04,0,1.0,1,0.0,0,0.85125,1,0.0,0,1.0,1,0.09666666666666666,0,0.5147304751636369,1,0.3933717904847133,0,1.0,1,0.10125,0,1.0,1,0.91,1,0.81,1,0.5858762306674153,1,0.0,0,0.02,0,0.18,0,1.0,1,0.0,0,0.0,0,0.5620231347769564,1
0.35649938598439407,0,0.06,0,0.07,0,0.0,0,0.0,0,0.4706918507488765,0,0.4824528895062925,0,0.22,0,0.7029808164434727,1,0.913,1,1.0,1,0.0,0,0.0,0,0.4413666281521805,0,0.5255982988392262,1,1.0,1,0.0,0,0.0,0,0.07875,0,0.0,0,0.775,1,0.22,0,0.96,1,0.0,0,0.076,0,0.0,0,0.17,0,0.0,0,0.98,1,1.0,1,0.0,0,0.87125,1,1.0,1,0.0,0,0.14333333333333334,0,0.5105846304320095,0,0.3611130641952439,0,0.0,0,0.8675,1,0.0,0,0.19,0,0.11,0,0.5809671286886875,1,1.0,1,0.06,0,0.96,1,1.0,1,1.0,1,1.0,1,0.5318225600498145,0
0.48712688302900875,0,0.05,0,0.08,0,0.0,0,0.0,0,0.5990629103536582,1,0.49004365403902445,0,0.97,1,0.5919287121429286,1,0.945,1,0.0,0,1.0,1,1.0,1,0.5759969261063542,1,0.7288500054135242,1,0.0,0,1.0,1,0.0,0,0.04,0,1.0,1,0.88625,1,0.94,1,0.08,0,1.0,1,0.969,1,1.0,1,0.04,0,1.0,1,0.09,0,1.0,1,1.0,1,0.82375,1,1.0,1,0.0,0,0.12,0,0.4935611971505399,0,0.6464186106822559,1,0.0,0,0.04875,0,1.0,1,0.96,1,0.28,0,0.4951675972386179,1,1.0,1,0.05,0,0.85,1,0.0,0,1.0,1,1.0,1,0.5782457457785847,1
0.3107545598292424,0,0.78,1,0.08,0,1.0,1,1.0,1,0.49637441939756743,1,0.4592557026267906,0,0.79,1,0.34127844520022693,0,0.081,0,0.0,0,0.0,0,1.0,1,0.38411445965108376,0,0.34003159062526317,0,0.0,0,0.0,0,0.0,0,0.19625,0,1.0,1,0.8525,1,0.11,0,0.06,0,0.0,0,0.098,0,0.0,0,0.05,0,1.0,1,0.95,1,0.0,0,1.0,1,0.1125,0,0.0,0,1.0,1,0.09,0,0.5142972538102945,1,0.3053875727256095,0,0.0,0,0.925,1,0.0,0,0.09,0,0.02,0,0.5641467071131293,1,1.0,1,0.09,0,0.87,1,0.0,0,1.0,1,1.0,1,0.4681911130416681,0
0.4011382071180218,0,0.06,0,0.04,0,0.0,0,0.0,0,0.5638000665883458,1,0.5088757715328527,1,0.06,0,0.30496800927556683,0,0.97,1,1.0,1,0.0,0,1.0,1,0.5040618576444633,1,0.25977066923201353,0,1.0,1,1.0,1,1.0,1,0.91625,1,0.0,0,0.86625,1,0.95,1,0.91,1,1.0,1,0.858,1,1.0,1,0.1,0,0.0,0,0.04,0,0.0,0,1.0,1,0.07875,0,1.0,1,1.0,1,0.12666666666666668,0,0.5078870110722308,1,0.2905653092373767,0,1.0,1,0.05625,0,1.0,1,0.94,1,0.98,1,0.48170990028683813,0,1.0,1,0.98,1,0.86,1,0.0,0,1.0,1,1.0,1,0.531271518299729,1
0.49609051285959743,1,0.96,1,0.95,1,0.0,0,0.0,0,0.523354063207936,1,0.4577047013727714,0,0.79,1,0.45503888311715907,0,0.116,0,0.0,0,0.0,0,0.0,0,0.4407374574494559,0,0.5608742163511373,1,0.0,0,1.0,1,1.0,1,0.95375,1,0.0,0,0.18875,0,0.11,0,0.06,0,1.0,1,0.946,1,0.0,0,0.76,1,1.0,1,0.98,1,1.0,1,1.0,1,0.085,0,1.0,1,1.0,1,0.13,0,0.5196378345939741,0,0.5168584134397248,1,1.0,1,0.87375,1,1.0,1,0.87,1,0.97,1,0.46992335735787955,0,0.0,0,0.96,1,0.97,1,0.0,0,0.0,0,0.0,0,0.44174438330205473,0
0.3889083297343342,0,0.8,1,0.08,0,1.0,1,1.0,1,0.5276996591201798,0,0.5208350386088061,1,0.96,1,0.752426779738199,1,0.865,1,0.0,0,1.0,1,1.0,1,0.49654663286487954,1,0.42819125738977787,0,0.0,0,0.0,0,1.0,1,0.07125,0,1.0,1,0.8025,1,0.95,1,0.16,0,1.0,1,0.137,0,1.0,1,0.96,1,0.0,0,0.06,0,1.0,1,0.0,0,0.07,0,0.0,0,1.0,1,0.13,0,0.4817956137855294,0,0.5359764657383018,1,1.0,1,0.93125,1,1.0,1,0.02,0,0.89,1,0.46006549069558533,0,0.0,0,0.84,1,0.15,0,0.0,0,1.0,1,1.0,1,0.5483902481914583,1
0.3980093749877554,0,0.95,1,0.03,0,1.0,1,1.0,1,0.5038063113667928,0,0.5126133881737651,1,0.1,0,0.4680453426258503,1,0.144,0,1.0,1,0.0,0,0.0,0,0.4007690758195475,0,0.2325531577500331,0,1.0,1,0.0,0,1.0,1,0.875,1,0.0,0,0.84,1,0.93,1,0.74,1,0.0,0,0.086,0,0.0,0,0.1,0,1.0,1,0.91,1,0.0,0,0.0,0,0.1025,0,0.0,0,0.0,0,0.8633333333333333,1,0.47251806446877126,0,0.3909450304052062,0,1.0,1,0.0575,0,1.0,1,0.97,1,0.85,1,0.5114086117866302,0,1.0,1,0.95,1,0.09,0,0.0,0,0.0,0,1.0,1,0.6891185298365792,1
0.2877347533642387,0,0.93,1,0.05,0,1.0,1,0.0,0,0.4799628852737881,0,0.4564448354856315,0,0.93,1,0.5658162176993121,1,0.803,1,1.0,1,1.0,1,0.0,0,0.4990175747506156,1,0.7862432234688156,1,0.0,0,1.0,1,1.0,1,0.07125,0,1.0,1,0.94,1,0.83,1,0.97,1,1.0,1,0.81,1,1.0,1,0.96,1,1.0,1,0.96,1,0.0,0,0.0,0,0.08,0,1.0,1,0.0,0,0.06666666666666667,0,0.5284128972004419,1,0.3875276066631397,0,0.0,0,0.1475,0,1.0,1,0.88,1,0.97,1,0.48313427946468246,1,0.0,0,0.07,0,0.11,0,0.0,0,1.0,1,1.0,1,0.511617249533845,1
0.7617896766045092,1,0.09,0,0.81,1,0.0,0,1.0,1,0.4723855643314139,0,0.4969415191884273,1,0.91,1,0.6697004672672578,1,0.966,1,0.0,0,1.0,1,0.0,0,0.30779927167035936,0,0.7424135688665018,1,0.0,0,1.0,1,1.0,1,0.96875,1,0.0,0,0.95625,1,0.93,1,0.05,0,1.0,1,0.913,1,1.0,1,0.82,1,0.0,0,0.82,1,0.0,0,1.0,1,0.7875,1,0.0,0,0.0,0,0.94,1,0.55197103482878,1,0.32516686253679256,0,1.0,1,0.96,1,1.0,1,0.86,1,0.82,1,0.49203588771129686,1,1.0,1,0.94,1,0.18,0,1.0,1,1.0,1,0.0,0,0.4462052777611057,0
0.4843479444561436,0,0.09,0,0.9,1,1.0,1,1.0,1,0.7121883001072677,1,0.5073251970720757,0,0.13,0,0.48521538346590487,1,0.892,1,1.0,1,1.0,1,0.0,0,0.48319157668274504,1,0.3025679832302479,0,0.0,0,0.0,0,1.0,1,0.06875,0,1.0,1,0.11875,0,0.87,1,0.08,0,0.0,0,0.934,1,0.0,0,0.93,1,0.0,0,0.82,1,1.0,1,0.0,0,0.97125,1,1.0,1,1.0,1,0.14,0,0.47053502405050474,0,0.7802526821044172,1,1.0,1,0.08625,0,0.0,0,0.98,1,0.86,1,0.47145660581526405,0,1.0,1,0.92,1,0.97,1,1.0,1,1.0,1,0.0,0,0.6443283856310899,1
0.48528563931755736,0,0.96,1,0.05,0,1.0,1,1.0,1,0.4385355035939116,0,0.540672995646617,1,0.3,0,0.5430797817866548,1,0.062,0,0.0,0,1.0,1,1.0,1,0.4985747613823577,1,0.3903387238650722,0,0.0,0,1.0,1,0.0,0,0.37625,0,1.0,1,0.0775,0,0.85,1,0.09,0,1.0,1,0.135,0,1.0,1,0.09,0,1.0,1,0.17,0,1.0,1,1.0,1,0.13,0,1.0,1,0.0,0,0.9,1,0.486360588195703,0,0.5481277368180195,1,0.0,0,0.81125,1,1.0,1,0.95,1,0.15,0,0.5482680912856442,1,1.0,1,0.26,0,0.08,0,0.0,0,1.0,1,1.0,1,0.484303442975928,0
0.49949064567438906,1,0.73,1,0.13,0,1.0,1,1.0,1,0.5512205885210958,1,0.5129761319746966,0,0.11,0,0.3803722478968083,0,0.878,1,1.0,1,1.0,1,1.0,1,0.5021746013887131,1,0.3268026193963031,0,0.0,0,1.0,1,0.0,0,0.935,1,1.0,1,0.78,1,0.92,1,0.94,1,0.0,0,0.065,0,0.0,0,0.17,0,0.0,0,0.23,0,1.0,1,1.0,1,0.145,0,1.0,1,1.0,1,0.89,1,0.4624968980818618,0,0.79910690880361,1,0.0,0,0.92375,1,1.0,1,0.97,1,0.14,0,0.5061948608100441,0,1.0,1,0.84,1,0.08,0,1.0,1,0.0,0,0.0,0,0.5820717682533768,1
0.49010953309446165,1,0.98,1,0.11,0,1.0,1,1.0,1,0.6482871274763318,1,0.49979509312712167,0,0.97,1,0.4843971354509593,0,0.926,1,1.0,1,0.0,0,0.0,0,0.4009286642167018,0,0.683515715853542,1,0.0,0,1.0,1,0.0,0,0.775,1,1.0,1,0.125,0,0.14,0,0.91,1,1.0,1,0.934,1,1.0,1,0.88,1,1.0,1,0.95,1,1.0,1,1.0,1,0.95125,1,1.0,1,0.0,0,0.07666666666666666,0,0.5300315432954918,1,0.5144506345218719,0,1.0,1,0.14125,0,0.0,0,0.04,0,0.05,0,0.4956198745959986,1,1.0,1,0.13,0,0.13,0,0.0,0,0.0,0,1.0,1,0.5299987087476643,1
0.43304552551929715,0,0.05,0,0.02,0,0.0,0,0.0,0,0.5182486905806402,0,0.5102460785255216,0,0.98,1,0.6542696022286582,1,0.896,1,1.0,1,0.0,0,1.0,1,0.3928793632775357,0,0.6022896495213795,1,1.0,1,1.0,1,0.0,0,0.1625,0,1.0,1,0.87875,1,0.97,1,0.97,1,1.0,1,0.089,0,0.0,0,0.13,0,1.0,1,0.9,1,0.0,0,1.0,1,0.225,0,1.0,1,1.0,1,0.043333333333333335,0,0.49964112062710564,1,0.47801498839300705,0,1.0,1,0.06,0,1.0,1,0.04,0,0.13,0,0.5001458704650742,0,0.0,0,0.78,1,0.99,1,1.0,1,0.0,0,1.0,1,0.5088494546145004,0
0.42364445050351357,0,0.14,0,0.95,1,1.0,1,1.0,1,0.5163068963483967,1,0.49465151896557813,0,0.98,1,0.41142429298120897,0,0.165,0,0.0,0,1.0,1,1.0,1,0.3974885678831561,0,0.7170713452004066,1,1.0,1,1.0,1,0.0,0,0.98125,1,0.0,0,0.85375,1,0.93,1,0.85,1,1.0,1,0.946,1,0.0,0,0.12,0,1.0,1,0.88,1,1.0,1,0.0,0,0.885,1,0.0,0,0.0,0,0.9466666666666667,1,0.4983894905150793,0,0.5549925967195279,1,1.0,1,0.93,1,0.0,0,0.02,0,0.01,0,0.5191716759218926,1,0.0,0,0.96,1,0.04,0,1.0,1,0.0,0,1.0,1,0.4930726355434211,0
0.7054013985906209,1,0.88,1,0.03,0,1.0,1,1.0,1,0.4916569064353435,0,0.5992451078218172,1,0.08,0,0.3598445358401357,0,0.128,0,0.0,0,0.0,0,0.0,0,0.3844724156316405,0,0.48344069177105253,1,1.0,1,0.0,0,1.0,1,0.95625,1,1.0,1,0.98875,1,0.16,0,0.95,1,1.0,1,0.946,1,0.0,0,0.04,0,0.0,0,0.09,0,1.0,1,0.0,0,0.835,1,0.0,0,1.0,1,0.08666666666666667,0,0.5548094745068509,1,0.5256700902098391,1,0.0,0,0.76875,1,0.0,0,0.18,0,0.1,0,0.5871399938624575,1,1.0,1,0.09,0,0.11,0,1.0,1,1.0,1,0.0,0,0.5032350955887304,1
0.43403040732798204,0,0.07,0,0.95,1,0.0,0,1.0,1,0.48861843892922024,0,0.5269980508038358,1,0.1,0,0.7939283919484715,1,0.077,0,1.0,1,1.0,1,1.0,1,0.49301008507002964,1,0.4243262982344127,0,1.0,1,1.0,1,1.0,1,0.15375,0,1.0,1,0.7625,1,0.07,0,0.08,0,1.0,1,0.818,1,0.0,0,0.07,0,0.0,0,0.87,1,0.0,0,0.0,0,0.96125,1,0.0,0,0.0,0,0.04666666666666667,0,0.4842923574734443,0,0.2801170696023657,0,1.0,1,0.79125,1,0.0,0,0.13,0,0.92,1,0.5195843448649542,1,1.0,1,0.05,0,0.02,0,1.0,1,0.0,0,0.0,0,0.4577174896385271,0
0.3234340450719001,0,0.92,1,0.07,0,1.0,1,1.0,1,0.5923641315285049,1,0.471558237468979,0,0.84,1,0.5573263189415248,1,0.822,1,1.0,1,1.0,1,0.0,0,0.6061765237373171,1,0.44375078899365855,0,1.0,1,0.0,0,0.0,0,0.145,0,0.0,0,0.12375,0,0.02,0,0.87,1,1.0,1,0.972,1,0.0,0,0.88,1,0.0,0,0.14,0,0.0,0,0.0,0,0.0875,0,0.0,0,1.0,1,0.07333333333333333,0,0.48002360795778115,0,0.30963848417206213,0,0.0,0,0.775,1,1.0,1,0.09,0,0.97,1,0.5493674076825411,1,1.0,1,0.07,0,0.93,1,0.0,0,0.0,0,0.0,0,0.5225622814176516,1
0.36694526714077574,0,0.89,1,0.94,1,0.0,0,1.0,1,0.5423750052488803,1,0.6750318068578831,1,0.14,0,0.3448726085364322,0,0.995,1,1.0,1,1.0,1,0.0,0,0.45445593960728325,0,0.5626275220311371,1,0.0,0,0.0,0,0.0,0,0.19,0,0.0,0,0.11375,0,0.12,0,0.91,1,1.0,1,0.052,0,1.0,1,0.16,0,0.0,0,0.05,0,0.0,0,1.0,1,0.83,1,1.0,1,0.0,0,0.9566666666666667,1,0.5224733398260418,1,0.6610931809926255,1,1.0,1,0.785,1,1.0,1,0.13,0,0.02,0,0.5633722280642398,1,0.0,0,0.88,1,0.07,0,0.0,0,1.0,1,1.0,1,0.48422290724531647,0
0.5823357616423881,1,0.81,1,0.11,0,1.0,1,0.0,0,0.497608546028385,0,0.5698220685211252,1,0.93,1,0.555146095916016,1,0.945,1,0.0,0,1.0,1,0.0,0,0.6457877874800414,1,0.30229540877828864,0,0.0,0,0.0,0,1.0,1,0.08125,0,1.0,1,0.06125,0,0.92,1,0.84,1,0.0,0,0.088,0,1.0,1,0.04,0,1.0,1,0.8,1,0.0,0,0.0,0,0.95625,1,1.0,1,1.0,1,0.06666666666666667,0,0.5637531050147608,1,0.9092844768754937,1,1.0,1,0.0475,0,1.0,1,0.03,0,0.93,1,0.49967931944702865,0,1.0,1,0.12,0,0.99,1,0.0,0,0.0,0,1.0,1,0.4743581070263227,0
0.4119031619142754,0,0.23,0,1.0,1,1.0,1,1.0,1,0.5287595417816696,1,0.6154962928399856,1,0.13,0,0.7955858176734818,1,0.061,0,1.0,1,1.0,1,1.0,1,0.7071803467272268,1,0.8142531951609746,1,0.0,0,0.0,0,1.0,1,0.05625,0,1.0,1,0.16625,0,0.1,0,0.87,1,1.0,1,0.975,1,1.0,1,0.07,0,1.0,1,0.05,0,0.0,0,1.0,1,0.0775,0,0.0,0,0.0,0,0.9133333333333333,1,0.49970706731497705,0,0.36341130954986905,0,1.0,1,0.0225,0,0.0,0,0.91,1,0.05,0,0.5053377273353238,1,1.0,1,0.94,1,0.21,0,1.0,1,0.0,0,0.0,0,0.4442353883045588,0
0.4017801913787452,0,0.08,0,0.86,1,0.0,0,1.0,1,0.5858315898600176,1,0.48522339185068336,0,0.94,1,0.37726599828266544,0,0.931,1,0.0,0,1.0,1,0.0,0,0.48832652953982164,0,0.26820455966989454,0,0.0,0,0.0,0,0.0,0,0.045,0,1.0,1,0.14,0,0.98,1,0.95,1,1.0,1,0.163,0,0.0,0,0.86,1,0.0,0,0.1,0,0.0,0,0.0,0,0.12625,0,1.0,1,1.0,1,0.10333333333333333,0,0.4621733453105735,0,0.6261144252830583,1,0.0,0,0.96375,1,0.0,0,0.14,0,0.76,1,0.4542083272867887,0,0.0,0,0.08,0,0.08,0,1.0,1,0.0,0,0.0,0,0.4208012577714922,0
0.5429532073024727,1,0.84,1,0.83,1,0.0,0,0.0,0,0.6613329663053462,0,0.5152452998398018,1,0.94,1,0.4353419012776927,0,0.94,1,1.0,1,1.0,1,1.0,1,0.35372529659633806,0,0.580094140494179,1,1.0,1,0.0,0,1.0,1,0.11625,0,1.0,1,0.84375,1,0.97,1,0.1,0,1.0,1,0.056,0,1.0,1,0.87,1,1.0,1,0.96,1,1.0,1,1.0,1,0.96875,1,0.0,0,1.0,1,0.14,0,0.5029070711997659,0,0.7442383074323354,1,1.0,1,0.06125,0,0.0,0,0.05,0,0.2,0,0.4860190862390689,0,0.0,0,0.15,0,0.78,1,1.0,1,0.0,0,0.0,0,0.4457555824164945,0
0.26834034513339505,0,0.96,1,0.04,0,1.0,1,0.0,0,0.40505494089742355,0,0.47007010099129654,0,0.9,1,0.738653873519324,1,0.171,0,0.0,0,1.0,1,1.0,1,0.39306569131270375,0,0.5125710103684077,1,1.0,1,1.0,1,1.0,1,0.7625,1,1.0,1,0.86875,1,0.95,1,0.92,1,0.0,0,0.148,0,0.0,0,0.08,0,0.0,0,0.93,1,1.0,1,1.0,1,0.06,0,0.0,0,0.0,0,0.04666666666666667,0,0.5916355903096181,1,0.5596345473049525,1,1.0,1,0.1175,0,1.0,1,0.14,0,0.97,1,0.4555062210872686,0,0.0,0,0.08,0,0.91,1,0.0,0,1.0,1,0.0,0,0.579724406414523,1
0.5007065412818129,1,0.9,1,0.14,0,0.0,0,1.0,1,0.7218566913623049,1,0.4812396744855813,0,0.87,1,0.6730814073701904,1,0.149,0,0.0,0,0.0,0,1.0,1,0.3456509858731169,0,0.34229255565601785,0,0.0,0,1.0,1,1.0,1,0.1575,0,0.0,0,0.14375,0,0.07,0,0.15,0,1.0,1,0.912,1,1.0,1,0.04,0,0.0,0,0.06,0,0.0,0,0.0,0,0.95375,1,1.0,1,0.0,0,0.7466666666666667,1,0.47280528165416585,0,0.3297592178986156,0,0.0,0,0.88875,1,1.0,1,0.83,1,0.03,0,0.5861807290003719,1,1.0,1,0.22,0,0.1,0,1.0,1,0.0,0,1.0,1,0.42072644072953463,0
0.38424024237461213,0,0.98,1,0.92,1,1.0,1,1.0,1,0.5743088109580886,1,0.501822225333384,1,0.05,0,0.2827308155876453,0,0.066,0,0.0,0,0.0,0,1.0,1,0.5235402001355481,1,0.7110580318069816,1,0.0,0,0.0,0,1.0,1,0.07875,0,0.0,0,0.1725,0,0.1,0,0.11,0,1.0,1,0.842,1,1.0,1,0.15,0,0.0,0,0.77,1,0.0,0,0.0,0,0.0625,0,1.0,1,0.0,0,0.91,1,0.5275800879571968,0,0.7145731334664123,1,0.0,0,0.88375,1,0.0,0,0.16,0,0.23,0,0.5363935575853539,1,0.0,0,0.17,0,0.88,1,1.0,1,1.0,1,0.0,0,0.5413563414169597,1
0.6478769631558504,1,0.01,0,0.14,0,1.0,1,1.0,1,0.49136529309806287,0,0.48248351700482944,0,0.1,0,0.3691094520586226,0,0.04,0,0.0,0,1.0,1,1.0,1,0.8015468415050503,1,0.3416301105690922,0,1.0,1,1.0,1,0.0,0,0.145,0,1.0,1,0.89625,1,0.9,1,0.2,0,0.0,0,0.058,0,1.0,1,0.83,1,1.0,1,0.94,1,1.0,1,0.0,0,0.13625,0,1.0,1,1.0,1,0.9866666666666667,1,0.5025747192636033,0,0.7209758022808127,1,0.0,0,0.92125,1,0.0,0,0.85,1,0.72,1,0.49098870283699514,0,0.0,0,0.07,0,0.82,1,1.0,1,1.0,1,0.0,0,0.4747820763727889,0
0.42628947995013716,0,0.97,1,0.39,0,0.0,0,1.0,1,0.5112398056485528,0,0.5248493434328437,1,0.79,1,0.5614107673388182,1,0.11,0,1.0,1,1.0,1,0.0,0,0.46194120096995006,0,0.504591474571547,1,1.0,1,0.0,0,0.0,0,0.90875,1,1.0,1,0.0675,0,0.94,1,0.96,1,0.0,0,0.84,1,0.0,0,0.95,1,1.0,1,0.08,0,1.0,1,1.0,1,0.1825,0,0.0,0,0.0,0,0.91,1,0.49301723561271804,0,0.7331676340438594,1,0.0,0,0.06375,0,0.0,0,0.07,0,0.04,0,0.4821020816208707,0,1.0,1,0.17,0,0.92,1,0.0,0,0.0,0,0.0,0,0.5493250143194698,1
0.43684920040806374,0,0.15,0,0.16,0,1.0,1,1.0,1,0.4745340563043813,0,0.5037739386442343,0,0.22,0,0.39911046784977133,0,0.182,0,0.0,0,0.0,0,0.0,0,0.5300928317890383,1,0.48314906517282913,1,1.0,1,1.0,1,0.0,0,0.06125,0,1.0,1,0.12625,0,0.98,1,0.65,1,1.0,1,0.792,1,0.0,0,0.92,1,1.0,1,0.07,0,0.0,0,0.0,0,0.14625,0,0.0,0,1.0,1,0.9566666666666667,1,0.5441380065204072,1,0.7345067762013756,1,0.0,0,0.135,0,0.0,0,0.97,1,0.93,1,0.4425452883055763,0,1.0,1,0.07,0,0.75,1,1.0,1,1.0,1,0.0,0,0.516967602375978,1
0.3968313212025336,0,0.96,1,0.17,0,1.0,1,0.0,0,0.37965474126510684,0,0.48062107032273255,0,0.09,0,0.4001656883134559,0,0.775,1,1.0,1,1.0,1,0.0,0,0.40197177140301144,0,0.7977494059754118,1,0.0,0,1.0,1,0.0,0,0.1275,0,1.0,1,0.92,1,0.93,1,0.11,0,1.0,1,0.085,0,1.0,1,0.2,0,0.0,0,0.76,1,1.0,1,1.0,1,0.09125,0,1.0,1,1.0,1,0.87,1,0.5462223571913389,1,0.5930635612128925,1,1.0,1,0.91625,1,0.0,0,0.25,0,1.0,1,0.495773570941129,0,1.0,1,0.76,1,0.1,0,0.0,0,1.0,1,0.0,0,0.5664246557438416,1
0.8201919823434012,1,0.07,0,0.9,1,1.0,1,1.0,1,0.5350979456140429,1,0.48212492976000515,0,0.07,0,0.3902037012066244,0,0.9,1,0.0,0,1.0,1,1.0,1,0.5379420284134306,1,0.5527167569810317,1,1.0,1,1.0,1,0.0,0,0.0625,0,0.0,0,0.11375,0,0.12,0,0.93,1,0.0,0,0.929,1,0.0,0,0.96,1,0.0,0,0.11,0,1.0,1,0.0,0,0.0475,0,1.0,1,0.0,0,0.07333333333333333,0,0.5315525920897036,1,0.5394411000535826,1,0.0,0,0.91625,1,0.0,0,0.02,0,0.05,0,0.5298956642088315,1,0.0,0,0.07,0,0.06,0,0.0,0,0.0,0,0.0,0,0.5449100611876895,1
0.31405007643251726,0,0.06,0,0.93,1,0.0,0,0.0,0,0.44493279890320997,0,0.5299751512230555,1,0.9,1,0.532306551497783,1,0.07,0,1.0,1,1.0,1,0.0,0,0.41188446625519964,0,0.3470454514057056,0,0.0,0,1.0,1,0.0,0,0.2025,0,0.0,0,0.88625,1,0.78,1,0.77,1,1.0,1,0.117,0,0.0,0,0.87,1,1.0,1,0.06,0,0.0,0,1.0,1,0.09125,0,0.0,0,0.0,0,0.056666666666666664,0,0.49720853426657896,0,0.27881252959108443,0,0.0,0,0.975,1,1.0,1,0.8,1,0.75,1,0.5945457112362645,1,1.0,1,0.12,0,0.99,1,0.0,0,1.0,1,0.0,0,0.44897769511504676,0
0.346251195232149,0,0.74,1,0.06,0,1.0,1,1.0,1,0.574087423202609,1,0.48363851730745305,1,0.93,1,0.6142002635086198,1,0.069,0,0.0,0,0.0,0,0.0,0,0.5236279389163361,0,0.8274372331020724,1,1.0,1,0.0,0,0.0,0,0.76875,1,1.0,1,0.73375,1,0.96,1,0.06,0,1.0,1,0.122,0,1.0,1,0.04,0,1.0,1,0.94,1,1.0,1,1.0,1,0.045,0,0.0,0,0.0,0,0.95,1,0.49394106820864686,0,0.26939409609586645,0,0.0,0,0.10125,0,0.0,0,0.16,0,0.13,0,0.4524272117870608,0,1.0,1,0.17,0,0.94,1,1.0,1,1.0,1,1.0,1,0.49076077918212396,0
0.6244237125070297,1,0.67,1,0.07,0,0.0,0,1.0,1,0.4402582322421445,0,0.5569054366436109,1,0.93,1,0.4043770663596546,0,0.116,0,0.0,0,1.0,1,1.0,1,0.3961916521346113,0,0.568374439165975,1,1.0,1,0.0,0,0.0,0,0.08125,0,1.0,1,0.0775,0,0.79,1,0.25,0,1.0,1,0.929,1,0.0,0,0.77,1,0.0,0,0.77,1,1.0,1,0.0,0,0.68375,1,0.0,0,1.0,1,0.09666666666666666,0,0.45780783432330174,0,0.4693206570605898,0,1.0,1,0.40375,0,1.0,1,0.86,1,0.92,1,0.4446904013478882,0,1.0,1,0.19,0,0.9,1,1.0,1,0.0,0,0.0,0,0.45194574433910434,0
0.48411104611246975,0,0.92,1,0.95,1,0.0,0,0.0,0,0.6774626853098276,1,0.5814907212145984,1,0.1,0,0.517350102211754,1,0.057,0,1.0,1,0.0,0,0.0,0,0.4194175751144591,0,0.3034055053018249,0,0.0,0,1.0,1,0.0,0,0.89,1,1.0,1,0.16375,0,0.07,0,0.1,0,1.0,1,0.763,1,1.0,1,0.21,0,1.0,1,0.12,0,1.0,1,0.0,0,0.87375,1,0.0,0,1.0,1,0.9,1,0.48928639884423525,0,0.3874313052800916,0,0.0,0,0.0925,0,1.0,1,0.08,0,0.06,0,0.6273668105039419,1,0.0,0,0.05,0,0.81,1,0.0,0,0.0,0,1.0,1,0.47271127429480797,0
0.3932482471274063,0,0.05,0,0.03,0,0.0,0,1.0,1,0.6059739067890871,1,0.5208234331800254,1,0.1,0,0.6740768029844336,1,0.873,1,1.0,1,0.0,0,1.0,1,0.44058941712448024,0,0.901802176030043,1,0.0,0,1.0,1,1.0,1,0.9475,1,1.0,1,0.09875,0,0.1,0,0.11,0,1.0,1,0.973,1,0.0,0,0.06,0,0.0,0,0.94,1,1.0,1,0.0,0,0.9675,1,0.0,0,1.0,1,0.05,0,0.5520786118749486,1,0.5188142108057819,1,1.0,1,0.92625,1,0.0,0,0.07,0,0.96,1,0.5874886968267159,0,0.0,0,0.03,0,0.05,0,1.0,1,1.0,1,1.0,1,0.41659870435916785,0
0.6319569560928331,1,0.94,1,0.09,0,0.0,0,0.0,0,0.3997161657394752,0,0.44292039485662066,0,1.0,1,0.328242031488133,0,0.055,0,1.0,1,1.0,1,1.0,1,0.8699753854970005,1,0.352256232671667,0,0.0,0,1.0,1,0.0,0,0.8675,1,0.0,0,0.7925,1,0.99,1,0.69,1,1.0,1,0.891,1,1.0,1,0.9,1,1.0,1,0.15,0,0.0,0,0.0,0,0.90375,1,0.0,0,1.0,1,0.8366666666666667,1,0.5185659015338261,0,0.42697213906559806,0,1.0,1,0.98375,1,1.0,1,0.91,1,0.04,0,0.49081887739128255,0,1.0,1,0.08,0,0.95,1,0.0,0,1.0,1,0.0,0,0.5151664734094603,0
0.7921704393791589,1,0.07,0,0.09,0,0.0,0,0.0,0,0.41734158727889875,0,0.599276739479133,1,0.07,0,0.7429941697421129,1,0.042,0,1.0,1,0.0,0,0.0,0,0.7235404416578419,1,0.26373292342257443,0,0.0,0,0.0,0,0.0,0,0.935,1,0.0,0,0.94875,1,0.76,1,0.83,1,0.0,0,0.082,0,0.0,0,0.14,0,0.0,0,0.79,1,1.0,1,1.0,1,0.0825,0,1.0,1,0.0,0,0.9866666666666667,1,0.5187992729350067,1,0.8062948630818432,1,0.0,0,0.9325,1,0.0,0,0.13,0,0.1,0,0.5058042693055699,0,1.0,1,0.86,1,0.84,1,1.0,1,1.0,1,1.0,1,0.4209024751809083,0
0.545338244159035,1,0.85,1,0.04,0,0.0,0,1.0,1,0.41488584220077923,0,0.4834685691852157,0,0.13,0,0.38219802819670406,0,0.955,1,1.0,1,0.0,0,1.0,1,0.7289508364988627,1,0.5541429887976456,1,1.0,1,0.0,0,1.0,1,0.97,1,1.0,1,0.0925,0,0.99,1,0.86,1,1.0,1,0.15,0,0.0,0,0.88,1,1.0,1,0.15,0,1.0,1,1.0,1,0.97375,1,1.0,1,0.0,0,0.15666666666666668,0,0.5128728425537463,0,0.3558309494395694,0,0.0,0,0.785,1,0.0,0,0.17,0,0.26,0,0.41847129721320797,0,1.0,1,1.0,1,0.11,0,1.0,1,0.0,0,1.0,1,0.5005033535641483,1
0.5809762051534295,1,0.82,1,0.82,1,1.0,1,1.0,1,0.44640009357150406,0,0.49809731986125894,0,0.72,1,0.28971384935697797,0,0.901,1,1.0,1,1.0,1,1.0,1,0.29395934061937584,0,0.3563868098477517,0,1.0,1,1.0,1,1.0,1,0.12375,0,1.0,1,0.085,0,0.86,1,0.86,1,0.0,0,0.823,1,0.0,0,0.93,1,1.0,1,0.89,1,1.0,1,1.0,1,0.07875,0,0.0,0,1.0,1,0.97,1,0.5174224327363625,0,0.27611960548801606,0,0.0,0,0.08625,0,0.0,0,0.97,1,0.91,1,0.5123172009920365,1,0.0,0,0.03,0,0.89,1,0.0,0,1.0,1,1.0,1,0.4259406024551099,0
0.5491673586047395,1,0.85,1,0.78,1,0.0,0,0.0,0,0.5758818117336442,1,0.5381876918013188,1,0.77,1,0.4407584947687713,0,0.058,0,0.0,0,0.0,0,1.0,1,0.6002168932689527,1,0.5313518150739819,1,0.0,0,0.0,0,1.0,1,0.1,0,1.0,1,0.93375,1,0.07,0,0.75,1,1.0,1,0.047,0,1.0,1,0.09,0,1.0,1,0.84,1,1.0,1,1.0,1,0.145,0,0.0,0,0.0,0,0.9533333333333334,1,0.5016740540122789,0,0.4485091112611588,0,1.0,1,0.76,1,1.0,1,0.98,1,0.98,1,0.5871546849498822,1,0.0,0,0.19,0,0.05,0,1.0,1,0.0,0,1.0,1,0.5072299055740025,0
0.3821059667995988,0,0.09,0,0.88,1,1.0,1,1.0,1,0.45344528804999845,0,0.4376687946797141,0,0.93,1,0.4122859879890228,0,0.054,0,0.0,0,0.0,0,1.0,1,0.3725705253253079,0,0.28941139544163436,0,1.0,1,0.0,0,1.0,1,0.905,1,1.0,1,0.87375,1,0.98,1,0.92,1,0.0,0,0.816,1,0.0,0,0.94,1,1.0,1,0.23,0,1.0,1,1.0,1,0.93125,1,0.0,0,1.0,1,0.9366666666666666,1,0.5397631527573864,1,0.4711988355394134,1,1.0,1,0.935,1,0.0,0,0.96,1,0.06,0,0.5068442060947624,1,1.0,1,0.97,1,0.97,1,0.0,0,1.0,1,0.0,0,0.5427234053538312,1
0.8231781768815547,1,0.95,1,0.78,1,0.0,0,1.0,1,0.4192328358735596,0,0.4615826543009009,0,0.93,1,0.6933116324833433,1,0.735,1,0.0,0,1.0,1,0.0,0,0.47665347762547944,1,0.41458524620392806,0,0.0,0,0.0,0,1.0,1,0.87125,1,1.0,1,0.085,0,0.79,1,0.98,1,0.0,0,0.939,1,0.0,0,0.07,0,1.0,1,0.79,1,0.0,0,1.0,1,0.1225,0,0.0,0,1.0,1,0.81,1,0.4620020830429921,0,0.42257145862011714,0,0.0,0,0.07375,0,0.0,0,0.79,1,0.97,1,0.41588799984665464,0,1.0,1,0.07,0,0.06,0,1.0,1,1.0,1,0.0,0,0.4652322162102634,0
0.8129048341155334,1,0.91,1,0.07,0,0.0,0,1.0,1,0.4849488514124898,0,0.4749950993555182,0,0.97,1,0.3267866660110345,0,0.962,1,0.0,0,1.0,1,0.0,0,0.3103693571781953,0,0.3854741653258449,0,1.0,1,0.0,0,1.0,1,0.21125,0,0.0,0,0.92,1,0.07,0,0.14,0,1.0,1,0.889,1,0.0,0,0.93,1,1.0,1,0.98,1,0.0,0,1.0,1,0.13125,0,1.0,1,1.0,1,0.8266666666666667,1,0.5153776726729908,1,0.21515189303076865,0,1.0,1,0.89125,1,0.0,0,0.05,0,0.04,0,0.43109027437488673,0,0.0,0,0.96,1,0.88,1,0.0,0,0.0,0,1.0,1,0.5150471441441901,0
0.46007325620852124,0,0.12,0,0.13,0,0.0,0,0.0,0,0.49325752561567876,1,0.48641091899030037,0,0.96,1,0.4070710458703415,0,0.738,1,0.0,0,1.0,1,1.0,1,0.7049756685591565,1,0.46627468363265817,0,0.0,0,0.0,0,0.0,0,0.82375,1,0.0,0,0.0675,0,0.17,0,0.83,1,1.0,1,0.815,1,0.0,0,0.13,0,0.0,0,0.07,0,1.0,1,0.0,0,0.9675,1,1.0,1,0.0,0,0.91,1,0.49533333086734177,0,0.3220511524160351,0,1.0,1,0.875,1,1.0,1,0.1,0,0.05,0,0.5169457510932588,1,1.0,1,0.03,0,0.74,1,1.0,1,1.0,1,0.0,0,0.5658682701916767,1
0.5010840598146039,1,0.87,1,0.85,1,0.0,0,0.0,0,0.42790578690924164,0,0.49855494207855,0,0.81,1,0.37108224170543197,0,0.063,0,1.0,1,1.0,1,1.0,1,0.3296129119380851,0,0.5101679749489074,0,1.0,1,1.0,1,1.0,1,0.80625,1,1.0,1,0.2075,0,1.0,1,0.91,1,0.0,0,0.87,1,1.0,1,0.14,0,1.0,1,0.07,0,1.0,1,1.0,1,0.07625,0,0.0,0,0.0,0,0.92,1,0.5664181858417172,1,0.5874446210836048,1,0.0,0,0.87625,1,1.0,1,0.86,1,0.12,0,0.49814999034560553,0,0.0,0,0.09,0,0.19,0,1.0,1,0.0,0,0.0,0,0.4849012388610325,0
0.6131536005728594,1,0.93,1,0.99,1,0.0,0,0.0,0,0.49099016903046155,0,0.49653373731426087,1,0.18,0,0.4613351061188649,0,0.814,1,1.0,1,1.0,1,1.0,1,0.45222840360665506,0,0.556315633773953,1,0.0,0,0.0,0,0.0,0,0.92,1,1.0,1,0.9425,1,0.22,0,0.08,0,1.0,1,0.127,0,0.0,0,0.04,0,0.0,0,0.99,1,1.0,1,1.0,1,0.91625,1,0.0,0,1.0,1,0.82,1,0.501167626892321,0,0.8179257797068864,1,1.0,1,0.07375,0,1.0,1,0.21,0,0.95,1,0.6590613032331819,1,0.0,0,0.73,1,0.05,0,1.0,1,0.0,0,0.0,0,0.6080279213565966,1
0.3917726518671256,0,0.94,1,0.96,1,0.0,0,0.0,0,0.4371801260699062,0,0.4953194669823115,1,0.11,0,0.4077669749615188,0,0.83,1,1.0,1,1.0,1,0.0,0,0.4390930729247497,0,0.3062138902295269,0,0.0,0,0.0,0,1.0,1,0.05375,0,0.0,0,0.08375,0,0.06,0,0.03,0,1.0,1,0.19,0,0.0,0,0.08,0,1.0,1,0.96,1,0.0,0,1.0,1,0.12875,0,0.0,0,0.0,0,0.78,1,0.561929151559491,1,0.3754787128029797,0,0.0,0,0.045,0,0.0,0,0.09,0,0.17,0,0.49919482449456465,0,1.0,1,0.94,1,0.94,1,0.0,0,0.0,0,1.0,1,0.5371489181254351,1
0.4988749599330324,0,0.21,0,0.86,1,1.0,1,0.0,0,0.44115023894627897,0,0.4863445084675478,0,0.1,0,0.7508247609207281,1,0.774,1,1.0,1,0.0,0,1.0,1,0.6520505362527943,1,0.38517159451836874,0,1.0,1,1.0,1,0.0,0,0.935,1,0.0,0,0.12625,0,0.98,1,0.79,1,1.0,1,0.085,0,0.0,0,0.18,0,1.0,1,0.12,0,1.0,1,1.0,1,0.04375,0,1.0,1,0.0,0,0.8166666666666667,1,0.4672719091803706,0,0.27276058978853357,0,0.0,0,0.88375,1,1.0,1,0.04,0,0.7,1,0.5209512925890384,1,1.0,1,0.08,0,0.07,0,0.0,0,1.0,1,0.0,0,0.5684691896312175,1
0.7115538041897671,1,0.16,0,0.05,0,0.0,0,0.0,0,0.4933333299416827,1,0.4792988611280891,0,0.18,0,0.5249605840480338,1,0.184,0,1.0,1,1.0,1,0.0,0,0.4555200693634014,1,0.6908469662686315,1,1.0,1,1.0,1,1.0,1,0.795,1,0.0,0,0.0425,0,0.14,0,0.06,0,1.0,1,0.189,0,1.0,1,0.87,1,1.0,1,0.12,0,0.0,0,1.0,1,0.115,0,0.0,0,1.0,1,0.056666666666666664,0,0.4859871204926874,0,0.7639590017503002,1,1.0,1,0.94625,1,0.0,0,0.9,1,0.15,0,0.4753742864043332,0,0.0,0,0.78,1,0.93,1,0.0,0,1.0,1,0.0,0,0.454317183830107,0
0.3594110339272293,0,0.82,1,0.88,1,1.0,1,0.0,0,0.5207652546441942,1,0.5228120727519225,0,0.12,0,0.590149985483394,1,0.879,1,1.0,1,0.0,0,1.0,1,0.7566797535904379,1,0.5313505557614164,1,1.0,1,1.0,1,1.0,1,0.07875,0,0.0,0,0.05625,0,0.8,1,0.19,0,1.0,1,0.947,1,1.0,1,0.83,1,1.0,1,0.15,0,0.0,0,1.0,1,0.87125,1,1.0,1,0.0,0,0.9933333333333333,1,0.5197934500393102,1,0.6713197393976957,1,0.0,0,0.95,1,1.0,1,0.93,1,0.13,0,0.4390400923490501,0,1.0,1,0.22,0,0.91,1,1.0,1,0.0,0,1.0,1,0.5062507986668787,1
0.3423048596870965,0,0.93,1,0.95,1,0.0,0,0.0,0,0.5346377551525874,1,0.5448569978462107,1,0.73,1,0.7362744181158273,1,0.967,1,1.0,1,1.0,1,1.0,1,0.8791761733122141,1,0.38329707630999366,0,0.0,0,1.0,1,1.0,1,0.05,0,0.0,0,0.04875,0,0.93,1,0.95,1,1.0,1,0.926,1,1.0,1,0.79,1,1.0,1,0.93,1,1.0,1,1.0,1,0.9675,1,0.0,0,1.0,1,0.1,0,0.5015838500970332,0,0.7045283245702854,1,0.0,0,0.16,0,1.0,1,0.08,0,0.99,1,0.4995975691980584,0,0.0,0,0.85,1,0.92,1,0.0,0,1.0,1,1.0,1,0.418972261248322,0
0.515931371548048,1,0.99,1,0.94,1,0.0,0,1.0,1,0.4187305653630796,0,0.5835139799809074,1,0.86,1,0.7237973913057544,1,0.067,0,1.0,1,0.0,0,0.0,0,0.3979274297838873,0,0.3976380549532131,0,1.0,1,0.0,0,0.0,0,0.98375,1,1.0,1,0.9025,1,0.88,1,0.93,1,1.0,1,0.092,0,0.0,0,0.93,1,0.0,0,0.75,1,1.0,1,1.0,1,0.80625,1,0.0,0,1.0,1,0.7933333333333333,1,0.5671497683588401,1,0.3497185969282647,0,1.0,1,0.95625,1,0.0,0,0.83,1,0.03,0,0.48108622694659725,0,1.0,1,0.12,0,0.04,0,0.0,0,0.0,0,0.0,0,0.653819965754463,1
0.41642163823833767,0,0.7,1,0.25,0,0.0,0,1.0,1,0.4424025336085647,0,0.4546374909569734,0,0.05,0,0.5186425157543163,1,0.052,0,0.0,0,0.0,0,0.0,0,0.3875424807510774,0,0.8720543392851267,1,0.0,0,0.0,0,0.0,0,0.9775,1,1.0,1,0.13125,0,0.06,0,0.95,1,0.0,0,0.723,1,1.0,1,0.07,0,1.0,1,0.16,0,0.0,0,0.0,0,0.95,1,0.0,0,0.0,0,0.09,0,0.4755813525937168,0,0.5871447659699123,1,0.0,0,0.98125,1,0.0,0,0.87,1,0.91,1,0.4578372882849607,0,0.0,0,0.71,1,0.19,0,1.0,1,0.0,0,1.0,1,0.6181588103872264,1
0.4025723703568927,0,0.77,1,0.09,0,1.0,1,1.0,1,0.4665287010420704,0,0.49873609053390805,0,0.99,1,0.5089953860235681,1,0.836,1,0.0,0,0.0,0,0.0,0,0.5073087506885045,1,0.432935140638445,0,1.0,1,1.0,1,0.0,0,0.96875,1,1.0,1,0.88875,1,0.94,1,0.05,0,1.0,1,0.958,1,0.0,0,0.08,0,1.0,1,0.98,1,1.0,1,1.0,1,0.09875,0,1.0,1,0.0,0,0.05,0,0.5709628728149801,1,0.37903861824690166,0,0.0,0,0.0425,0,0.0,0,0.12,0,0.86,1,0.5979995934462367,1,1.0,1,0.03,0,0.83,1,0.0,0,0.0,0,0.0,0,0.6398911332939976,1
0.6185513593046716,1,0.93,1,0.15,0,1.0,1,0.0,0,0.3897718324914867,0,0.4370529546266674,0,0.97,1,0.6515886510494535,1,0.967,1,1.0,1,0.0,0,1.0,1,0.5102785867463483,1,0.7892902303316627,1,0.0,0,1.0,1,1.0,1,0.8375,1,1.0,1,0.0925,0,0.9,1,0.93,1,0.0,0,0.984,1,1.0,1,0.88,1,0.0,0,0.8,1,1.0,1,0.0,0,0.07,0,1.0,1,0.0,0,0.8633333333333333,1,0.47468612069955796,0,0.8392983918898513,1,0.0,0,0.83125,1,1.0,1,0.02,0,0.0,0,0.46846280669544305,0,0.0,0,0.13,0,0.04,0,0.0,0,1.0,1,1.0,1,0.4327377419877997,0
0.7451110639052488,1,0.16,0,0.95,1,0.0,0,0.0,0,0.40579717755609346,0,0.4840088657321734,0,0.85,1,0.5570308675894264,1,0.045,0,1.0,1,1.0,1,0.0,0,0.332823729745159,0,0.3691575737248904,0,1.0,1,1.0,1,1.0,1,0.73875,1,1.0,1,0.15,0,0.94,1,0.74,1,0.0,0,0.987,1,0.0,0,0.08,0,0.0,0,0.81,1,0.0,0,0.0,0,0.115,0,0.0,0,0.0,0,0.7266666666666667,1,0.5431997231200998,1,0.35400226977854904,0,0.0,0,0.06125,0,1.0,1,0.06,0,0.93,1,0.4957139247442146,1,0.0,0,0.98,1,0.37,0,1.0,1,0.0,0,1.0,1,0.43464562159038844,0
0.42631034962412,0,0.11,0,0.86,1,1.0,1,1.0,1,0.5212797230320478,1,0.482675510004833,0,0.91,1,0.40932552881289264,0,0.056,0,0.0,0,0.0,0,0.0,0,0.3434720072694375,0,0.608288127820575,1,0.0,0,1.0,1,0.0,0,0.235,0,1.0,1,0.14875,0,0.76,1,0.89,1,1.0,1,0.957,1,0.0,0,0.03,0,0.0,0,0.0,0,0.0,0,1.0,1,0.90625,1,0.0,0,0.0,0,0.03,0,0.4975068186348976,0,0.39876076911507186,0,1.0,1,0.67625,1,1.0,1,0.09,0,0.99,1,0.5948408872134637,1,1.0,1,0.95,1,0.06,0,0.0,0,0.0,0,0.0,0,0.4698416461718433,0
0.5184043408719287,0,0.93,1,0.01,0,0.0,0,0.0,0,0.49251160474570665,1,0.6377170112932409,1,0.07,0,0.700631349136471,1,0.789,1,1.0,1,0.0,0,0.0,0,0.8002798501207777,1,0.6541901459332564,1,1.0,1,1.0,1,0.0,0,0.85,1,1.0,1,0.98,1,0.13,0,0.92,1,0.0,0,0.815,1,1.0,1,0.97,1,1.0,1,0.06,0,1.0,1,1.0,1,0.9425,1,0.0,0,1.0,1,0.93,1,0.5522869670219142,1,0.30415421289721833,0,0.0,0,0.1475,0,0.0,0,0.88,1,0.9,1,0.5377931981697467,1,1.0,1,0.95,1,0.96,1,0.0,0,1.0,1,1.0,1,0.6219597014861444,1
0.6896586717590186,1,0.85,1,0.95,1,0.0,0,0.0,0,0.44203596256204336,0,0.5163546035398252,0,0.06,0,0.33702634370530843,0,0.892,1,1.0,1,0.0,0,0.0,0,0.8017692296509545,1,0.4499677910684279,1,1.0,1,0.0,0,1.0,1,0.9425,1,0.0,0,0.17375,0,0.08,0,0.9,1,1.0,1,0.905,1,0.0,0,0.91,1,1.0,1,0.95,1,1.0,1,1.0,1,0.03375,0,0.0,0,1.0,1,1.0,1,0.5240495860035748,1,0.36924780074754887,0,1.0,1,0.82375,1,0.0,0,0.91,1,0.82,1,0.4639588253822785,0,1.0,1,0.14,0,0.15,0,0.0,0,0.0,0,1.0,1,0.6011413790245064,1
0.4544109614622653,0,0.07,0,0.13,0,0.0,0,0.0,0,0.5585501588177768,1,0.5518624883944544,1,0.76,1,0.40498949371959364,0,0.14,0,1.0,1,1.0,1,1.0,1,0.31822204574731516,0,0.32885955912048886,0,0.0,0,1.0,1,1.0,1,0.0675,0,1.0,1,0.15,0,0.95,1,0.08,0,1.0,1,0.06,0,1.0,1,0.22,0,1.0,1,0.04,0,0.0,0,1.0,1,0.15,0,1.0,1,1.0,1,0.8833333333333333,1,0.4968642734903897,0,0.5685432385734779,1,0.0,0,0.84125,1,0.0,0,0.7,1,0.7,1,0.5393097183807654,1,1.0,1,0.08,0,0.74,1,0.0,0,0.0,0,1.0,1,0.4959487401064902,1
0.6965944368391723,1,0.14,0,0.15,0,1.0,1,0.0,0,0.42504649880101164,0,0.4633464996180456,0,0.78,1,0.40325893017422737,0,0.97,1,1.0,1,1.0,1,0.0,0,0.5534396419638109,1,0.908174882082184,1,0.0,0,0.0,0,0.0,0,0.96875,1,0.0,0,0.13375,0,0.95,1,0.1,0,0.0,0,0.247,0,1.0,1,0.11,0,0.0,0,0.07,0,0.0,0,0.0,0,0.1375,0,0.0,0,1.0,1,0.08333333333333333,0,0.5177553389193355,1,0.38784426474640626,0,0.0,0,0.07875,0,0.0,0,0.84,1,0.07,0,0.5450219551100847,1,1.0,1,0.79,1,0.91,1,1.0,1,1.0,1,1.0,1,0.44151030630026844,0
0.34030606152069237,0,0.13,0,0.86,1,1.0,1,1.0,1,0.5206882756700888,1,0.5352643630098574,1,0.89,1,0.5721592839991504,1,0.14,0,0.0,0,0.0,0,0.0,0,0.34999706909756817,0,0.3724874664801345,0,1.0,1,0.0,0,0.0,0,0.97,1,0.0,0,0.98625,1,0.05,0,0.88,1,1.0,1,0.953,1,0.0,0,0.08,0,0.0,0,0.93,1,1.0,1,1.0,1,0.8025,1,1.0,1,1.0,1,0.9133333333333333,1,0.5046107300933873,0,0.3114082320606028,0,0.0,0,0.95625,1,1.0,1,1.0,1,0.87,1,0.5065715355687874,0,0.0,0,0.85,1,0.06,0,1.0,1,0.0,0,0.0,0,0.49675028356664314,0
0.5485374239053118,1,0.91,1,0.75,1,0.0,0,0.0,0,0.4732234532493603,1,0.48547020376040306,0,0.77,1,0.38336240202452837,0,0.947,1,1.0,1,0.0,0,1.0,1,0.7703040284495128,1,0.4120240954205944,0,1.0,1,0.0,0,0.0,0,0.0725,0,1.0,1,0.05,0,0.81,1,0.88,1,0.0,0,0.888,1,0.0,0,0.88,1,1.0,1,0.35,0,1.0,1,1.0,1,0.07375,0,0.0,0,0.0,0,0.10333333333333333,0,0.494401896580813,0,0.2290790738296819,0,1.0,1,0.94125,1,1.0,1,0.09,0,0.82,1,0.5444864879786836,1,0.0,0,0.1,0,0.12,0,1.0,1,0.0,0,0.0,0,0.4797025123077827,0
0.43244927889761187,0,0.84,1,0.77,1,1.0,1,1.0,1,0.4371415581111466,0,0.49191133785767477,0,0.07,0,0.6603781276715205,1,0.88,1,0.0,0,0.0,0,0.0,0,0.5460401265625248,1,0.5052673335999016,1,0.0,0,1.0,1,0.0,0,0.84125,1,0.0,0,0.0725,0,0.08,0,0.11,0,0.0,0,0.141,0,1.0,1,0.09,0,0.0,0,0.87,1,1.0,1,1.0,1,0.9825,1,0.0,0,0.0,0,0.07,0,0.5001388679921405,0,0.8640523180525276,1,1.0,1,0.05875,0,0.0,0,0.17,0,0.07,0,0.6100708084618932,1,0.0,0,0.81,1,0.05,0,0.0,0,0.0,0,1.0,1,0.4831223012967214,1
0.3861505422784569,0,0.95,1,0.98,1,0.0,0,1.0,1,0.4197030287636106,0,0.4415946502471775,0,0.04,0,0.5234097139430918,1,0.892,1,0.0,0,0.0,0,1.0,1,0.3625237703084299,0,0.35420286086333086,0,0.0,0,1.0,1,0.0,0,0.03375,0,1.0,1,0.73625,1,0.02,0,0.93,1,0.0,0,0.966,1,0.0,0,0.09,0,0.0,0,0.92,1,1.0,1,0.0,0,0.0725,0,1.0,1,1.0,1,0.09,0,0.5369709901694977,1,0.37199507971106544,0,0.0,0,0.9125,1,1.0,1,0.19,0,0.07,0,0.492376225892412,0,1.0,1,0.99,1,0.92,1,1.0,1,0.0,0,1.0,1,0.513268599992872,1
0.4137000737731972,0,0.1,0,0.06,0,1.0,1,0.0,0,0.48809970121398627,1,0.5488923787868611,1,0.14,0,0.4124416876447731,0,0.893,1,1.0,1,1.0,1,0.0,0,0.7018045457202403,1,0.7976871361538128,1,0.0,0,0.0,0,1.0,1,0.04875,0,0.0,0,0.925,1,0.04,0,0.08,0,0.0,0,0.128,0,0.0,0,0.75,1,0.0,0,0.1,0,0.0,0,1.0,1,0.90875,1,1.0,1,1.0,1,0.9633333333333334,1,0.5948720000685361,1,0.5955675694922713,1,1.0,1,0.905,1,1.0,1,0.07,0,0.06,0,0.41246230299188075,0,0.0,0,0.97,1,0.13,0,0.0,0,0.0,0,0.0,0,0.39579137363220446,0
0.5854752621434671,1,0.06,0,0.78,1,0.0,0,0.0,0,0.4936129159527778,0,0.5922346451052077,1,0.04,0,0.39024148665286185,0,0.195,0,0.0,0,1.0,1,1.0,1,0.5905668662473126,1,0.46507946790344185,0,0.0,0,0.0,0,0.0,0,0.96375,1,0.0,0,0.105,0,0.87,1,0.05,0,1.0,1,0.149,0,1.0,1,0.88,1,1.0,1,0.79,1,0.0,0,0.0,0,0.14125,0,0.0,0,1.0,1,0.95,1,0.5933661046225704,1,0.3596664909758509,0,1.0,1,0.95,1,0.0,0,0.88,1,0.81,1,0.48447661109146245,1,0.0,0,0.8,1,0.78,1,0.0,0,0.0,0,0.0,0,0.4839894167171765,0
0.6769332404445632,1,0.05,0,0.77,1,1.0,1,1.0,1,0.4905115141658233,1,0.5261571698206869,1,0.07,0,0.5354573445086371,1,0.936,1,1.0,1,1.0,1,0.0,0,0.5721479446573422,1,0.29467249850233884,0,1.0,1,1.0,1,0.0,0,0.7575,1,0.0,0,0.26375,0,0.07,0,0.04,0,1.0,1,0.082,0,0.0,0,0.1,0,0.0,0,0.06,0,1.0,1,0.0,0,0.75375,1,1.0,1,1.0,1,0.9533333333333334,1,0.5209056930410915,1,0.7668518542538103,1,1.0,1,0.8675,1,1.0,1,0.13,0,0.07,0,0.5018812323666135,0,0.0,0,0.88,1,0.12,0,1.0,1,1.0,1,0.0,0,0.5094403015049465,0
0.6379044248369152,1,0.12,0,0.31,0,1.0,1,1.0,1,0.45719949564965906,0,0.6718837989995545,1,0.95,1,0.35220593524541594,0,0.135,0,0.0,0,0.0,0,0.0,0,0.7053931552100642,1,0.3736108062732305,0,1.0,1,1.0,1,1.0,1,0.78125,1,1.0,1,0.075,0,0.18,0,0.98,1,1.0,1,0.924,1,0.0,0,0.95,1,1.0,1,0.1,0,1.0,1,0.0,0,0.14875,0,0.0,0,1.0,1,0.056666666666666664,0,0.4794823174206927,0,0.21397277995293124,0,1.0,1,0.7975,1,0.0,0,0.97,1,0.99,1,0.46067943214332985,0,1.0,1,0.12,0,0.75,1,1.0,1,1.0,1,1.0,1,0.5138487750378602,0
0.6481927505036837,1,0.98,1,0.74,1,0.0,0,0.0,0,0.43657652732117247,0,0.5282337075037116,1,0.98,1,0.36803510501404807,0,0.81,1,0.0,0,1.0,1,0.0,0,0.4897746819721002,1,0.7839572260529389,1,1.0,1,1.0,1,1.0,1,0.05375,0,0.0,0,0.76875,1,0.06,0,1.0,1,0.0,0,0.342,0,0.0,0,0.95,1,0.0,0,0.96,1,0.0,0,0.0,0,0.91125,1,1.0,1,1.0,1,0.7266666666666667,1,0.5739609064802113,1,0.5115246274989975,1,0.0,0,0.17875,0,1.0,1,0.89,1,1.0,1,0.4205410177632959,0,1.0,1,0.06,0,0.88,1,0.0,0,0.0,0,0.0,0,0.5506027413477308,1
0.8107761641622336,1,0.96,1,0.98,1,1.0,1,0.0,0,0.4746670051819995,0,0.574771375041295,1,0.96,1,0.5550590574577714,1,0.181,0,1.0,1,0.0,0,1.0,1,0.3616701299276276,0,0.5311128175791454,1,1.0,1,0.0,0,1.0,1,0.975,1,1.0,1,0.8125,1,0.03,0,0.94,1,0.0,0,0.885,1,1.0,1,0.1,0,1.0,1,0.08,0,0.0,0,1.0,1,0.0875,0,0.0,0,1.0,1,0.9833333333333333,1,0.5066482441041952,1,0.6469420101189154,1,1.0,1,0.955,1,0.0,0,0.08,0,0.9,1,0.4351500465118113,0,0.0,0,0.91,1,0.93,1,1.0,1,0.0,0,0.0,0,0.5133633189955007,1
0.6847128089271644,1,0.93,1,0.93,1,1.0,1,0.0,0,0.6866871014133821,1,0.5654445708730411,1,0.1,0,0.6542981516299825,1,0.058,0,0.0,0,0.0,0,1.0,1,0.6345108065151196,1,0.4231587421858034,0,1.0,1,1.0,1,1.0,1,0.1725,0,0.0,0,0.96125,1,0.04,0,0.12,0,0.0,0,0.072,0,0.0,0,0.87,1,1.0,1,0.9,1,1.0,1,1.0,1,0.9175,1,1.0,1,0.0,0,0.04,0,0.5094151231137769,0,0.3691248282851895,0,0.0,0,0.9125,1,0.0,0,0.04,0,0.07,0,0.47392977542854453,0,1.0,1,0.93,1,0.77,1,0.0,0,0.0,0,0.0,0,0.5167942631949025,1
0.6618797003925578,1,0.15,0,0.07,0,0.0,0,1.0,1,0.6982325717924875,1,0.6126537297243836,1,0.74,1,0.5053788573996467,1,0.071,0,1.0,1,1.0,1,1.0,1,0.5523091866872802,0,0.5055216199668545,1,1.0,1,1.0,1,0.0,0,0.14625,0,1.0,1,0.06375,0,0.05,0,0.11,0,0.0,0,0.754,1,0.0,0,0.98,1,0.0,0,0.07,0,1.0,1,1.0,1,0.73875,1,0.0,0,0.0,0,0.13333333333333333,0,0.4903232623297229,0,0.5500969929294199,1,0.0,0,0.04625,0,1.0,1,0.99,1,1.0,1,0.5157188949724937,1,1.0,1,0.05,0,0.77,1,0.0,0,1.0,1,1.0,1,0.589135525558953,1
0.5442732991519629,0,0.14,0,0.1,0,1.0,1,0.0,0,0.6055412892868651,1,0.4498586712417614,0,0.04,0,0.5524229341616883,0,0.041,0,0.0,0,0.0,0,0.0,0,0.437658891357358,0,0.8608922370712863,1,1.0,1,1.0,1,1.0,1,0.10875,0,1.0,1,0.88,1,0.96,1,0.88,1,0.0,0,0.896,1,1.0,1,0.88,1,1.0,1,0.11,0,1.0,1,0.0,0,0.05625,0,1.0,1,0.0,0,0.03666666666666667,0,0.5714210951313633,1,0.8183728753553733,1,0.0,0,0.855,1,1.0,1,0.14,0,0.08,0,0.6563914308148213,1,0.0,0,0.95,1,0.11,0,1.0,1,0.0,0,1.0,1,0.4735052766195475,1
0.4991043021634167,1,0.81,1,0.87,1,0.0,0,1.0,1,0.6185291139870376,1,0.64328354777254,1,0.1,0,0.34701106626013417,0,0.095,0,1.0,1,1.0,1,0.0,0,0.48943252083020966,1,0.4648151946024121,0,0.0,0,0.0,0,1.0,1,0.86,1,1.0,1,0.9425,1,0.1,0,0.23,0,0.0,0,0.064,0,0.0,0,0.93,1,0.0,0,0.86,1,1.0,1,0.0,0,0.925,1,0.0,0,1.0,1,0.2633333333333333,0,0.4986973603755811,0,0.8654080256750393,1,1.0,1,0.12875,0,0.0,0,0.11,0,0.06,0,0.5870656778861256,1,0.0,0,0.91,1,0.94,1,0.0,0,1.0,1,1.0,1,0.572454741413307,1
0.5849580773348534,1,0.82,1,1.0,1,0.0,0,0.0,0,0.4728912329936022,1,0.5001063706966533,1,0.96,1,0.4009142486299655,0,0.973,1,0.0,0,0.0,0,1.0,1,0.46638203247479487,0,0.7409461732511691,1,0.0,0,1.0,1,0.0,0,0.03625,0,0.0,0,0.79625,1,0.93,1,0.69,1,1.0,1,0.964,1,1.0,1,0.17,0,1.0,1,0.92,1,1.0,1,1.0,1,0.75875,1,0.0,0,1.0,1,0.07666666666666666,0,0.6000592049466236,1,0.3767950274725334,0,1.0,1,0.1425,0,0.0,0,0.96,1,0.98,1,0.5097592011200434,1,0.0,0,0.1,0,0.07,0,1.0,1,0.0,0,0.0,0,0.4502930910444385,0
0.4137107134232082,0,0.11,0,0.8,1,1.0,1,0.0,0,0.48962194187921715,1,0.5008486322577697,0,0.11,0,0.5981229055246576,1,0.068,0,0.0,0,1.0,1,1.0,1,0.4161775937259859,0,0.3723111903139384,0,0.0,0,1.0,1,0.0,0,0.22125,0,0.0,0,0.9225,1,0.95,1,0.83,1,1.0,1,0.935,1,1.0,1,0.94,1,0.0,0,0.83,1,0.0,0,0.0,0,0.36125,0,0.0,0,0.0,0,0.8766666666666667,1,0.5238519175605958,1,0.7371708644436292,1,0.0,0,0.97625,1,0.0,0,0.12,0,0.91,1,0.559479732778004,1,0.0,0,0.78,1,0.91,1,1.0,1,1.0,1,1.0,1,0.4547736044568028,0
0.5941344709814103,1,0.05,0,0.95,1,1.0,1,0.0,0,0.5019617199473675,0,0.558442776629465,1,0.13,0,0.4908550836589296,1,0.794,1,0.0,0,1.0,1,1.0,1,0.7569188450420615,1,0.7922134201882765,1,0.0,0,0.0,0,1.0,1,0.88125,1,0.0,0,0.97125,1,0.91,1,0.08,0,0.0,0,0.077,0,0.0,0,0.91,1,0.0,0,0.21,0,0.0,0,1.0,1,0.04625,0,1.0,1,1.0,1,0.05,0,0.543733211296595,1,0.7920066041367648,1,1.0,1,0.06875,0,0.0,0,0.84,1,0.93,1,0.46662088476283475,0,0.0,0,0.91,1,0.96,1,1.0,1,1.0,1,1.0,1,0.6141612896579881,1
0.5505329355748174,1,0.85,1,0.89,1,1.0,1,1.0,1,0.5809446969628095,1,0.4430038893617919,0,0.17,0,0.6352472406164072,1,0.933,1,0.0,0,1.0,1,0.0,0,0.5104408349046843,1,0.35319888584429393,0,0.0,0,1.0,1,1.0,1,0.88375,1,0.0,0,0.90125,1,0.88,1,0.04,0,0.0,0,0.975,1,0.0,0,0.85,1,0.0,0,0.05,0,1.0,1,1.0,1,0.95125,1,0.0,0,1.0,1,0.05333333333333334,0,0.5393273553446781,1,0.24756522502566497,0,1.0,1,0.09,0,0.0,0,0.9,1,0.99,1,0.6580977345224313,1,0.0,0,0.96,1,0.1,0,1.0,1,0.0,0,1.0,1,0.5388206051105654,1
0.45575213014862115,0,0.13,0,0.9,1,0.0,0,1.0,1,0.7218091591656605,1,0.5200009673528193,1,0.19,0,0.7064190491727773,1,0.941,1,1.0,1,1.0,1,0.0,0,0.3971202671390796,0,0.4014926566612422,0,1.0,1,0.0,0,0.0,0,0.85875,1,0.0,0,0.93875,1,0.05,0,0.12,0,1.0,1,0.108,0,0.0,0,0.95,1,0.0,0,0.21,0,0.0,0,0.0,0,0.82375,1,0.0,0,0.0,0,0.14666666666666667,0,0.5142216018870829,1,0.4767938341209814,0,1.0,1,0.7875,1,1.0,1,0.95,1,0.07,0,0.47959731140716777,0,1.0,1,0.07,0,0.11,0,0.0,0,1.0,1,0.0,0,0.5811981923792445,1
0.5331712887918981,1,0.02,0,0.13,0,1.0,1,1.0,1,0.5606822464919915,1,0.5006622410854682,0,0.07,0,0.5261925521207533,1,0.067,0,0.0,0,1.0,1,0.0,0,0.526800667890529,1,0.8688563589496259,1,1.0,1,1.0,1,1.0,1,0.94625,1,0.0,0,0.08875,0,0.08,0,0.13,0,0.0,0,0.982,1,1.0,1,0.1,0,1.0,1,0.96,1,1.0,1,0.0,0,0.0625,0,1.0,1,1.0,1,0.98,1,0.5474301210145421,1,0.4700626074807977,1,1.0,1,0.11875,0,1.0,1,0.13,0,0.93,1,0.5049298774335828,0,0.0,0,0.18,0,0.76,1,0.0,0,0.0,0,1.0,1,0.70226393553808,1
0.5641070807447931,1,0.08,0,0.88,1,1.0,1,0.0,0,0.46147814666274206,0,0.5336732139779526,1,0.02,0,0.7318479052317002,1,0.896,1,1.0,1,1.0,1,1.0,1,0.29723443966892554,0,0.4245610155184062,0,0.0,0,1.0,1,1.0,1,0.94875,1,0.0,0,0.79875,1,0.16,0,0.91,1,0.0,0,0.055,0,1.0,1,0.85,1,1.0,1,0.89,1,0.0,0,0.0,0,0.1675,0,1.0,1,0.0,0,0.79,1,0.5752104680339314,1,0.9271490234736973,1,1.0,1,0.055,0,0.0,0,0.96,1,0.73,1,0.554667800244127,1,1.0,1,0.12,0,0.81,1,1.0,1,1.0,1,0.0,0,0.5500529248046857,1
0.6922423198753548,1,0.95,1,0.08,0,0.0,0,0.0,0,0.5436857693514706,1,0.621550222876458,1,0.8,1,0.8603588849812135,1,0.764,1,0.0,0,0.0,0,1.0,1,0.29504480020044044,0,0.3222731014125965,0,1.0,1,0.0,0,0.0,0,0.96875,1,0.0,0,0.94625,1,0.79,1,0.11,0,0.0,0,0.949,1,1.0,1,0.02,0,1.0,1,0.98,1,1.0,1,1.0,1,0.96375,1,0.0,0,1.0,1,0.10666666666666667,0,0.4732873142122134,0,0.41320144941921516,0,0.0,0,0.93,1,1.0,1,0.12,0,0.05,0,0.47987953733161975,0,1.0,1,0.05,0,0.82,1,0.0,0,1.0,1,1.0,1,0.5300933625954631,0
0.7806158252330267,1,0.14,0,0.05,0,1.0,1,1.0,1,0.45619860030253706,0,0.48031968921833595,0,0.05,0,0.47792706801688034,0,0.968,1,1.0,1,0.0,0,1.0,1,0.4632127382539739,0,0.3510967998877218,0,0.0,0,0.0,0,1.0,1,0.06875,0,0.0,0,0.0625,0,0.98,1,0.03,0,0.0,0,0.14,0,1.0,1,0.29,0,0.0,0,0.75,1,1.0,1,1.0,1,0.78,1,1.0,1,0.0,0,0.9733333333333334,1,0.47609580046064104,0,0.8658882867078813,1,0.0,0,0.11,0,0.0,0,0.05,0,0.28,0,0.6616167422354693,1,0.0,0,0.95,1,0.82,1,1.0,1,0.0,0,0.0,0,0.7207581087560061,1
0.4689194916636449,0,0.76,1,0.86,1,0.0,0,1.0,1,0.5015518464475048,0,0.5059989829094327,1,0.03,0,0.3297147564572426,0,0.135,0,1.0,1,1.0,1,1.0,1,0.7806787437021816,1,0.6276239428371926,1,1.0,1,1.0,1,1.0,1,0.92,1,0.0,0,0.9775,1,0.07,0,0.04,0,0.0,0,0.971,1,1.0,1,0.78,1,1.0,1,0.78,1,1.0,1,1.0,1,0.97375,1,1.0,1,0.0,0,0.12666666666666668,0,0.5760281177310943,1,0.41325085969093867,0,1.0,1,0.97125,1,1.0,1,0.96,1,0.15,0,0.5818149785936025,1,1.0,1,0.11,0,0.98,1,0.0,0,0.0,0,1.0,1,0.4680078111259312,0
0.46422608311383295,0,0.9,1,0.17,0,0.0,0,0.0,0,0.6403779421290029,1,0.4902083496484974,0,0.94,1,0.7532777770024912,1,0.058,0,1.0,1,1.0,1,1.0,1,0.6201284318289375,1,0.6242581697571384,1,0.0,0,1.0,1,0.0,0,0.9725,1,1.0,1,0.88375,1,0.07,0,0.98,1,0.0,0,0.788,1,1.0,1,0.95,1,0.0,0,0.07,0,1.0,1,1.0,1,0.92875,1,1.0,1,1.0,1,0.9366666666666666,1,0.5148059553167644,0,0.3703685467323428,0,0.0,0,0.1025,0,1.0,1,0.14,0,0.07,0,0.5160566445544101,1,0.0,0,0.1,0,0.86,1,0.0,0,0.0,0,0.0,0,0.4218369622616732,0
0.5013605184174587,1,0.1,0,0.86,1,0.0,0,1.0,1,0.45561181723136607,0,0.45393164638935046,0,0.07,0,0.42296950145479234,0,0.756,1,1.0,1,0.0,0,1.0,1,0.6322501857179318,1,0.7424691845246049,1,0.0,0,1.0,1,0.0,0,0.8675,1,1.0,1,0.14125,0,0.9,1,0.13,0,0.0,0,0.143,0,0.0,0,0.8,1,1.0,1,0.05,0,0.0,0,1.0,1,0.1825,0,0.0,0,0.0,0,0.9,1,0.5988232492014256,1,0.7014459500335127,1,0.0,0,0.8875,1,1.0,1,0.31,0,0.76,1,0.44016414236106527,0,1.0,1,0.99,1,0.12,0,0.0,0,0.0,0,0.0,0,0.5056310385721637,0
0.5124411103708042,0,0.07,0,0.95,1,1.0,1,1.0,1,0.5347010889913981,1,0.5054084036048178,1,0.73,1,0.7202735376946795,1,0.25,0,0.0,0,1.0,1,0.0,0,0.33354468601040715,0,0.5902534532370053,1,1.0,1,1.0,1,0.0,0,0.07625,0,1.0,1,0.85,1,0.11,0,0.06,0,0.0,0,0.957,1,0.0,0,0.89,1,1.0,1,0.03,0,0.0,0,0.0,0,0.93125,1,1.0,1,1.0,1,0.09666666666666666,0,0.5531248076844697,1,0.8678216950040123,1,1.0,1,0.9675,1,1.0,1,0.9,1,0.08,0,0.49745946364305205,1,0.0,0,0.62,1,0.1,0,1.0,1,1.0,1,0.0,0,0.5200484179638499,1
0.5621734603959745,1,0.07,0,0.12,0,1.0,1,0.0,0,0.5870211249465002,1,0.48853291894158074,0,0.85,1,0.3502197148880118,0,0.115,0,1.0,1,1.0,1,1.0,1,0.726008912110962,1,0.21693390761114553,0,0.0,0,1.0,1,0.0,0,0.8125,1,1.0,1,0.0325,0,0.13,0,0.05,0,1.0,1,0.121,0,0.0,0,0.97,1,0.0,0,0.97,1,0.0,0,0.0,0,0.945,1,1.0,1,1.0,1,0.9533333333333334,1,0.4687450991256447,0,0.2486783549462805,0,1.0,1,0.0625,0,1.0,1,0.92,1,0.95,1,0.6898258131214122,1,0.0,0,0.08,0,0.89,1,1.0,1,0.0,0,0.0,0,0.401609308239057,0
0.46736934081209824,0,0.18,0,0.17,0,1.0,1,0.0,0,0.36792583668889933,0,0.4630699453942442,0,0.07,0,0.5083663655292673,1,0.097,0,1.0,1,1.0,1,0.0,0,0.6764507630739857,1,0.41902433511403686,0,1.0,1,0.0,0,1.0,1,0.04375,0,1.0,1,0.86375,1,0.87,1,0.92,1,1.0,1,0.987,1,1.0,1,0.09,0,1.0,1,0.82,1,0.0,0,0.0,0,0.8875,1,0.0,0,0.0,0,0.06,0,0.5248847432520539,1,0.36169791515167904,0,0.0,0,0.13625,0,1.0,1,0.98,1,0.85,1,0.6598778080578902,1,1.0,1,0.23,0,0.05,0,0.0,0,1.0,1,1.0,1,0.47275883452145906,0
0.5284613545264414,1,0.84,1,0.85,1,1.0,1,0.0,0,0.47861283747213484,1,0.5137263266565614,1,0.92,1,0.3740377439732301,0,0.948,1,0.0,0,1.0,1,0.0,0,0.6957670806215505,1,0.287302257596801,0,1.0,1,1.0,1,1.0,1,0.16125,0,0.0,0,0.89375,1,0.98,1,0.09,0,0.0,0,0.035,0,1.0,1,0.9,1,0.0,0,0.09,0,0.0,0,1.0,1,0.8875,1,1.0,1,0.0,0,0.8933333333333333,1,0.5687200079809758,1,0.776454321310651,1,0.0,0,0.0275,0,1.0,1,0.15,0,0.75,1,0.5340686101661704,1,0.0,0,0.14,0,0.04,0,1.0,1,0.0,0,0.0,0,0.6800484512104801,1
0.3297525658181367,0,0.86,1,0.91,1,1.0,1,0.0,0,0.475707866117337,1,0.5094044591666874,1,0.06,0,0.4624427416659357,0,0.098,0,0.0,0,0.0,0,1.0,1,0.3490860754562405,0,0.6052725968537508,1,1.0,1,0.0,0,0.0,0,0.0775,0,1.0,1,0.95875,1,0.76,1,0.93,1,1.0,1,0.971,1,1.0,1,0.59,1,1.0,1,0.95,1,0.0,0,1.0,1,0.06875,0,0.0,0,0.0,0,0.9466666666666667,1,0.5127065950840966,0,0.6214089960346574,1,0.0,0,0.90125,1,0.0,0,0.08,0,0.66,1,0.48486881952086774,0,0.0,0,0.7,1,0.58,1,0.0,0,0.0,0,1.0,1,0.4756918352735376,0
0.4682296407195826,1,0.98,1,0.07,0,1.0,1,0.0,0,0.4068394947117746,0,0.49969800450893814,0,0.08,0,0.5961064758331938,1,0.963,1,1.0,1,1.0,1,1.0,1,0.3767222149667569,0,0.37660312867613166,0,1.0,1,0.0,0,1.0,1,0.12625,0,0.0,0,0.13125,0,0.1,0,0.88,1,0.0,0,0.047,0,1.0,1,0.29,0,1.0,1,0.84,1,1.0,1,0.0,0,0.72125,1,0.0,0,0.0,0,0.6933333333333334,1,0.5254985621406476,1,0.7472735686954438,1,0.0,0,0.7725,1,1.0,1,0.89,1,0.87,1,0.5068512501720167,0,0.0,0,0.93,1,0.11,0,1.0,1,1.0,1,1.0,1,0.5082121087901139,1
0.6309238311073299,1,0.07,0,0.04,0,1.0,1,0.0,0,0.5059821880044454,1,0.5842743421729591,1,0.18,0,0.5556709336647767,1,0.071,0,0.0,0,1.0,1,0.0,0,0.753175011657506,1,0.5998670921874167,1,1.0,1,1.0,1,1.0,1,0.88875,1,1.0,1,0.82625,1,1.0,1,0.05,0,0.0,0,0.126,0,0.0,0,0.18,0,1.0,1,0.05,0,0.0,0,0.0,0,0.86875,1,1.0,1,1.0,1,0.12333333333333334,0,0.485230722458192,0,0.292956391125772,0,0.0,0,0.9475,1,0.0,0,0.98,1,0.13,0,0.4683068178638886,0,0.0,0,0.97,1,0.08,0,0.0,0,0.0,0,0.0,0,0.5181210332044026,0
0.6278558595430785,1,0.11,0,0.85,1,1.0,1,0.0,0,0.42744811894668394,0,0.5038587843472921,0,0.13,0,0.4636702037884132,1,0.784,1,0.0,0,0.0,0,1.0,1,0.6605303647735873,1,0.37163034165559145,0,0.0,0,0.0,0,0.0,0,0.87125,1,1.0,1,0.91375,1,0.15,0,0.93,1,1.0,1,0.217,0,0.0,0,0.87,1,0.0,0,0.99,1,1.0,1,1.0,1,0.05375,0,1.0,1,0.0,0,0.8766666666666667,1,0.49845144653205603,1,0.496679861217831,1,1.0,1,0.91,1,0.0,0,0.14,0,0.07,0,0.46621025434480773,0,1.0,1,0.06,0,0.88,1,0.0,0,0.0,0,1.0,1,0.5585405979634812,1
0.3663066862363451,0,0.82,1,0.9,1,0.0,0,1.0,1,0.42405759278563726,0,0.5729018746922762,1,0.12,0,0.6812976073618483,1,0.951,1,0.0,0,1.0,1,0.0,0,0.5957321498198802,1,0.2321699167543623,0,1.0,1,0.0,0,0.0,0,0.05125,0,1.0,1,0.1,0,0.09,0,0.02,0,0.0,0,0.145,0,0.0,0,0.91,1,1.0,1,0.09,0,1.0,1,1.0,1,0.885,1,1.0,1,1.0,1,0.06666666666666667,0,0.5022665001185473,1,0.33692625440946217,0,0.0,0,0.04625,0,1.0,1,0.82,1,0.9,1,0.6541846202804386,1,1.0,1,0.98,1,0.1,0,1.0,1,0.0,0,1.0,1,0.5110226509233173,1
0.4917237961274711,1,0.92,1,0.93,1,1.0,1,1.0,1,0.5090860541316686,1,0.47824935025899595,0,0.1,0,0.5327165203392896,1,0.159,0,1.0,1,0.0,0,0.0,0,0.3850705817078782,0,0.4003602143269053,0,0.0,0,1.0,1,0.0,0,0.97125,1,1.0,1,0.89875,1,0.09,0,0.91,1,0.0,0,0.059,0,1.0,1,0.15,0,1.0,1,0.07,0,1.0,1,1.0,1,0.0475,0,1.0,1,1.0,1,0.08666666666666667,0,0.5138411250319285,0,0.5865646529700024,1,1.0,1,0.9475,1,0.0,0,0.96,1,0.99,1,0.4948465089677754,0,1.0,1,0.11,0,0.15,0,1.0,1,1.0,1,0.0,0,0.4991878089856631,1
0.3546863330677051,0,0.9,1,0.08,0,1.0,1,0.0,0,0.5395883813932201,1,0.5118607353192202,1,0.89,1,0.6004874852381782,1,0.964,1,1.0,1,0.0,0,1.0,1,0.3465523137937147,0,0.20948808321268308,0,1.0,1,0.0,0,0.0,0,0.94,1,1.0,1,0.10375,0,0.17,0,0.93,1,0.0,0,0.105,0,0.0,0,0.98,1,0.0,0,0.07,0,0.0,0,0.0,0,0.05625,0,1.0,1,0.0,0,0.11666666666666667,0,0.48884297314853525,0,0.2958012848231471,0,0.0,0,0.0575,0,0.0,0,0.86,1,0.79,1,0.472323245045995,0,0.0,0,0.96,1,0.09,0,1.0,1,0.0,0,0.0,0,0.6352789190460421,1
0.719860220754906,1,0.82,1,0.78,1,0.0,0,1.0,1,0.4363347713486599,0,0.48413628367822087,0,0.85,1,0.349662245397087,0,0.16,0,0.0,0,0.0,0,0.0,0,0.606382908143806,1,0.9082266749164207,1,0.0,0,1.0,1,1.0,1,0.79125,1,0.0,0,0.9425,1,0.08,0,0.84,1,0.0,0,0.098,0,1.0,1,0.15,0,1.0,1,0.9,1,1.0,1,0.0,0,0.875,1,0.0,0,1.0,1,0.06,0,0.49008442685749204,1,0.43576915895408014,0,0.0,0,0.06375,0,1.0,1,0.09,0,0.95,1,0.5656281123126967,1,0.0,0,0.06,0,0.8,1,1.0,1,1.0,1,0.0,0,0.5239387098956518,1
0.5243298506274308,1,0.79,1,0.9,1,0.0,0,1.0,1,0.584561053596413,1,0.5554379062071458,1,0.96,1,0.39103403617013005,0,0.775,1,1.0,1,0.0,0,1.0,1,0.45419252979452446,0,0.6614531889964338,1,0.0,0,0.0,0,1.0,1,0.8725,1,1.0,1,0.815,1,0.84,1,0.05,0,0.0,0,0.824,1,0.0,0,0.87,1,1.0,1,0.95,1,1.0,1,0.0,0,0.06375,0,0.0,0,1.0,1,0.06,0,0.5142707019302791,1,0.81187454281367,1,1.0,1,0.04375,0,1.0,1,0.76,1,0.16,0,0.44551522466462057,0,1.0,1,0.11,0,0.99,1,1.0,1,1.0,1,1.0,1,0.5876891225765809,1
0.3463734780411667,0,0.9,1,0.76,1,0.0,0,1.0,1,0.5389229830757318,1,0.46315171623192697,0,0.99,1,0.37489268304128215,0,0.11,0,1.0,1,1.0,1,1.0,1,0.4074077686138423,0,0.6094654678420603,1,1.0,1,1.0,1,1.0,1,0.90125,1,0.0,0,0.09625,0,0.14,0,0.08,0,0.0,0,0.982,1,1.0,1,0.13,0,1.0,1,0.97,1,0.0,0,1.0,1,0.89875,1,0.0,0,1.0,1,0.9766666666666667,1,0.5664044949594086,1,0.6848728788709154,1,1.0,1,0.0475,0,0.0,0,0.13,0,0.04,0,0.7079744802191247,1,0.0,0,0.82,1,0.08,0,0.0,0,0.0,0,0.0,0,0.5893197167555122,1
0.5231528116234305,1,0.06,0,0.07,0,0.0,0,1.0,1,0.5553618797809846,1,0.476583384576532,0,0.91,1,0.46284833895618843,0,0.952,1,0.0,0,1.0,1,0.0,0,0.40647807824902604,0,0.37515579444966396,0,1.0,1,1.0,1,1.0,1,0.06375,0,1.0,1,0.96125,1,0.77,1,0.13,0,1.0,1,0.877,1,0.0,0,0.14,0,0.0,0,0.07,0,0.0,0,0.0,0,0.2375,0,0.0,0,1.0,1,0.9633333333333334,1,0.47423993549036014,0,0.588782705662601,1,0.0,0,0.07,0,1.0,1,0.95,1,0.91,1,0.4410612715140268,0,0.0,0,0.85,1,0.93,1,1.0,1,1.0,1,0.0,0,0.5122032796611996,0
0.5051815296740448,1,0.1,0,0.04,0,1.0,1,0.0,0,0.5788439432105715,1,0.5971361894198711,1,0.1,0,0.5061339249278349,1,0.927,1,0.0,0,0.0,0,0.0,0,0.37481275992977414,0,0.8919490116645041,1,1.0,1,1.0,1,1.0,1,0.93125,1,1.0,1,0.0625,0,0.07,0,0.02,0,0.0,0,0.74,1,0.0,0,0.29,0,1.0,1,0.97,1,0.0,0,0.0,0,0.98,1,1.0,1,0.0,0,0.04666666666666667,0,0.4917158956719389,0,0.40212071343346484,0,1.0,1,0.97375,1,1.0,1,0.06,0,0.87,1,0.4994717501806523,1,0.0,0,0.02,0,0.9,1,1.0,1,1.0,1,1.0,1,0.5344109399826856,1
0.25033502537321806,0,0.13,0,0.07,0,0.0,0,0.0,0,0.5261253222390438,1,0.495657130303695,1,0.99,1,0.5534078135541323,1,0.98,1,0.0,0,0.0,0,1.0,1,0.6626111917833971,1,0.31691568459228364,0,1.0,1,1.0,1,0.0,0,0.7875,1,0.0,0,0.0825,0,0.07,0,0.98,1,1.0,1,0.043,0,1.0,1,0.05,0,1.0,1,0.04,0,1.0,1,1.0,1,0.14375,0,0.0,0,1.0,1,0.12333333333333334,0,0.47493363593437044,0,0.35704591162916827,0,0.0,0,0.88625,1,0.0,0,0.91,1,0.04,0,0.4707514506220011,0,1.0,1,0.84,1,0.84,1,1.0,1,1.0,1,1.0,1,0.5919692177468805,1
0.3179131685450664,0,0.12,0,0.93,1,0.0,0,0.0,0,0.42518874227887393,0,0.5307316154727802,1,0.08,0,0.6790963700995513,1,0.876,1,1.0,1,1.0,1,0.0,0,0.658748626734853,1,0.49306382556780537,1,0.0,0,0.0,0,1.0,1,0.92125,1,0.0,0,0.1875,0,0.07,0,0.09,0,0.0,0,0.053,0,1.0,1,0.87,1,1.0,1,0.94,1,0.0,0,0.0,0,0.125,0,0.0,0,0.0,0,0.10666666666666667,0,0.4975023094296904,0,0.5126796132509204,1,1.0,1,0.97625,1,1.0,1,0.95,1,0.15,0,0.5713311705454488,1,0.0,0,0.1,0,0.16,0,1.0,1,0.0,0,1.0,1,0.5423573803575186,1
0.5183805406378504,1,0.23,0,0.91,1,1.0,1,0.0,0,0.4709767128137892,0,0.4684692262358615,0,0.24,0,0.4961510123029417,1,0.76,1,1.0,1,0.0,0,1.0,1,0.5046141813123048,1,0.5340812483439015,1,0.0,0,0.0,0,0.0,0,0.12875,0,1.0,1,0.15375,0,0.78,1,0.06,0,0.0,0,0.8,1,1.0,1,0.07,0,1.0,1,0.08,0,0.0,0,0.0,0,0.09375,0,1.0,1,0.0,0,0.12333333333333334,0,0.5134952878648372,1,0.8144095512289732,1,1.0,1,0.03625,0,0.0,0,0.88,1,0.88,1,0.5558228173028431,1,1.0,1,0.13,0,0.89,1,1.0,1,1.0,1,1.0,1,0.5616627950582034,1
0.7079994011056095,1,0.12,0,0.77,1,0.0,0,0.0,0,0.5540643718136395,1,0.485840544723746,0,0.06,0,0.5950779728200827,1,0.759,1,0.0,0,1.0,1,0.0,0,0.8740645650579504,1,0.45031235258715596,0,1.0,1,0.0,0,0.0,0,0.915,1,1.0,1,0.135,0,0.97,1,0.04,0,0.0,0,0.096,0,0.0,0,0.13,0,1.0,1,0.17,0,0.0,0,1.0,1,0.1475,0,1.0,1,1.0,1,0.9533333333333334,1,0.4958934516214471,0,0.7756037903749058,1,0.0,0,0.0525,0,0.0,0,0.13,0,0.1,0,0.558238788358903,1,0.0,0,0.83,1,0.82,1,1.0,1,1.0,1,0.0,0,0.4784179956195421,0
0.6602966323773575,1,0.09,0,0.95,1,1.0,1,0.0,0,0.41973116773168756,0,0.5542888502237895,1,0.88,1,0.4903299540298083,1,0.779,1,1.0,1,1.0,1,1.0,1,0.8858509897986443,1,0.6862815158669181,1,1.0,1,0.0,0,1.0,1,0.89625,1,1.0,1,0.965,1,0.75,1,0.11,0,0.0,0,0.732,1,0.0,0,0.04,0,0.0,0,0.84,1,1.0,1,0.0,0,0.8325,1,0.0,0,0.0,0,0.9966666666666667,1,0.536007140553147,1,0.32312678581812593,0,0.0,0,0.0725,0,1.0,1,0.04,0,0.15,0,0.47988072112401636,1,0.0,0,0.09,0,0.98,1,1.0,1,0.0,0,1.0,1,0.4854701361352206,0
0.2998905560687921,0,0.94,1,0.07,0,1.0,1,1.0,1,0.42795546123579853,0,0.525083174916627,1,0.96,1,0.3002694658953222,0,0.054,0,1.0,1,0.0,0,1.0,1,0.31690199480396253,0,0.260465227577968,0,1.0,1,0.0,0,0.0,0,0.1275,0,0.0,0,0.8925,1,0.15,0,0.96,1,1.0,1,0.147,0,1.0,1,0.16,0,1.0,1,0.85,1,1.0,1,1.0,1,0.09,0,1.0,1,1.0,1,0.7833333333333333,1,0.504720550587111,0,0.6440687338652682,1,1.0,1,0.7325,1,1.0,1,0.03,0,0.92,1,0.4463961148187339,0,0.0,0,0.05,0,0.06,0,1.0,1,0.0,0,0.0,0,0.48618064742754863,0
0.7067759849339006,1,0.11,0,0.18,0,0.0,0,0.0,0,0.5144337225174413,0,0.5155262233040254,1,0.94,1,0.46989744714337783,0,0.158,0,0.0,0,0.0,0,0.0,0,0.3773163044373181,0,0.70540911781086,1,1.0,1,1.0,1,0.0,0,0.70375,1,1.0,1,0.1175,0,0.13,0,0.12,0,0.0,0,0.865,1,1.0,1,0.05,0,1.0,1,0.99,1,0.0,0,0.0,0,0.98,1,1.0,1,1.0,1,0.10666666666666667,0,0.47838911037878096,0,0.3426003003190593,0,1.0,1,0.85125,1,1.0,1,0.86,1,0.16,0,0.7088708223235385,1,1.0,1,0.16,0,0.07,0,0.0,0,1.0,1,0.0,0,0.5955852506761228,1
0.6180909203395359,1,0.79,1,0.79,1,1.0,1,1.0,1,0.5967110071766891,1,0.5046960548462275,0,0.05,0,0.515216879174954,1,0.089,0,0.0,0,0.0,0,0.0,0,0.3509222743516783,0,0.3204804065641521,0,1.0,1,0.0,0,1.0,1,0.80625,1,1.0,1,0.1225,0,0.07,0,0.36,0,1.0,1,0.984,1,0.0,0,0.06,0,1.0,1,0.16,0,1.0,1,0.0,0,0.16125,0,1.0,1,1.0,1,0.09666666666666666,0,0.50867416700954,1,0.5952705732966459,1,0.0,0,0.77375,1,0.0,0,0.79,1,0.96,1,0.46516316926553136,0,1.0,1,0.96,1,0.02,0,1.0,1,1.0,1,1.0,1,0.4787737899771591,0
0.4693805958001567,1,0.1,0,0.86,1,1.0,1,1.0,1,0.4769152507360371,1,0.5015964151643783,0,0.88,1,0.6969536047743217,1,0.136,0,0.0,0,1.0,1,0.0,0,0.564025692449866,1,0.7711811102331144,1,0.0,0,0.0,0,0.0,0,0.15875,0,1.0,1,0.82375,1,0.78,1,0.94,1,0.0,0,0.151,0,0.0,0,0.13,0,1.0,1,0.09,0,0.0,0,0.0,0,0.94125,1,1.0,1,1.0,1,0.9833333333333333,1,0.4742294605479404,0,0.5683609547115693,1,0.0,0,0.86125,1,0.0,0,0.91,1,0.06,0,0.4575708432657104,0,1.0,1,0.88,1,0.07,0,0.0,0,1.0,1,0.0,0,0.4970827241293986,0
0.4799358849198796,0,0.83,1,0.13,0,0.0,0,0.0,0,0.6896521189832597,1,0.4547115105728765,0,0.98,1,0.41314449189865604,0,0.048,0,1.0,1,0.0,0,1.0,1,0.38262897399608115,0,0.4874245285104476,0,0.0,0,1.0,1,1.0,1,0.105,0,1.0,1,0.12625,0,0.07,0,0.14,0,0.0,0,0.064,0,0.0,0,0.76,1,1.0,1,0.18,0,0.0,0,1.0,1,0.13,0,0.0,0,0.0,0,0.98,1,0.48874155794459073,0,0.277024779758518,0,0.0,0,0.19,0,1.0,1,0.25,0,1.0,1,0.46010105574441856,0,1.0,1,0.07,0,0.12,0,1.0,1,0.0,0,1.0,1,0.5210503954435722,1
0.5231594721857568,1,0.07,0,0.12,0,1.0,1,1.0,1,0.42577687974101414,0,0.5082724947124106,0,0.07,0,0.6224409488876809,1,0.825,1,1.0,1,0.0,0,0.0,0,0.40699277617358814,0,0.5332782303469178,1,0.0,0,0.0,0,0.0,0,0.89875,1,1.0,1,0.8925,1,0.14,0,0.72,1,1.0,1,0.083,0,1.0,1,0.89,1,0.0,0,0.02,0,0.0,0,1.0,1,0.11125,0,0.0,0,1.0,1,0.9266666666666666,1,0.5307481966781762,1,0.8952523087393519,1,1.0,1,0.0425,0,0.0,0,0.97,1,0.12,0,0.5082544941492966,1,1.0,1,0.05,0,0.18,0,1.0,1,1.0,1,1.0,1,0.5436966533097668,1
0.5355761561649458,1,0.93,1,0.95,1,1.0,1,1.0,1,0.5004561234120984,1,0.49830965406840944,1,0.97,1,0.823990286340605,1,0.114,0,0.0,0,1.0,1,1.0,1,0.4422609607507716,0,0.41599304778209784,0,0.0,0,1.0,1,1.0,1,0.79,1,1.0,1,0.97375,1,0.78,1,0.09,0,0.0,0,0.049,0,1.0,1,0.07,0,1.0,1,0.29,0,1.0,1,1.0,1,0.79,1,1.0,1,0.0,0,0.8833333333333333,1,0.5642961928226332,1,0.7007533836551113,1,1.0,1,0.055,0,1.0,1,0.12,0,0.03,0,0.4679285038381541,0,1.0,1,0.93,1,0.96,1,1.0,1,1.0,1,1.0,1,0.4079366784431903,0
0.5180109586425972,1,0.29,0,0.88,1,0.0,0,0.0,0,0.632619004544939,1,0.4942773953585057,0,0.87,1,0.4307768856673494,0,0.771,1,0.0,0,1.0,1,1.0,1,0.34304136363130927,0,0.7550692939293249,1,1.0,1,1.0,1,1.0,1,0.12375,0,0.0,0,0.9725,1,0.11,0,0.09,0,0.0,0,0.903,1,0.0,0,0.05,0,1.0,1,0.11,0,0.0,0,1.0,1,0.06125,0,0.0,0,1.0,1,0.7933333333333333,1,0.5095023457613918,0,0.4430444374377456,0,1.0,1,0.105,0,1.0,1,0.05,0,0.18,0,0.5121738015273426,1,1.0,1,0.85,1,0.23,0,1.0,1,0.0,0,0.0,0,0.6378076033848479,1
0.367683460945593,0,0.06,0,0.89,1,0.0,0,0.0,0,0.524528716210793,0,0.48422428071792817,0,0.94,1,0.4095753574453754,0,0.98,1,0.0,0,0.0,0,0.0,0,0.4078530511301768,0,0.88072533261735,1,0.0,0,0.0,0,1.0,1,0.95875,1,0.0,0,0.1075,0,0.06,0,0.13,0,0.0,0,0.089,0,0.0,0,0.25,0,1.0,1,0.87,1,0.0,0,0.0,0,0.86,1,0.0,0,1.0,1,0.07666666666666666,0,0.5176884637882639,1,0.4810407471312357,1,1.0,1,0.0575,0,0.0,0,0.92,1,0.13,0,0.6024472343482594,1,1.0,1,0.15,0,0.93,1,0.0,0,1.0,1,0.0,0,0.5935402263903115,0
0.5581801107480552,1,0.1,0,0.97,1,0.0,0,1.0,1,0.5214827122485466,1,0.4404785905942582,0,0.99,1,0.3753321257323952,0,0.082,0,1.0,1,1.0,1,0.0,0,0.7423325832618926,1,0.44324557115157615,0,0.0,0,1.0,1,0.0,0,0.08125,0,0.0,0,0.05125,0,0.16,0,0.95,1,0.0,0,0.933,1,1.0,1,0.95,1,1.0,1,0.1,0,0.0,0,0.0,0,0.08875,0,1.0,1,0.0,0,0.09,0,0.5121662739622956,1,0.45431478086486304,0,0.0,0,0.24125,0,0.0,0,0.1,0,1.0,1,0.5085152629503338,1,1.0,1,0.1,0,0.94,1,0.0,0,0.0,0,1.0,1,0.5600504338498716,1
0.32701157651408785,0,0.93,1,0.96,1,0.0,0,1.0,1,0.42927259554684805,0,0.5620273834342927,1,0.95,1,0.44694541278037264,0,0.945,1,0.0,0,0.0,0,1.0,1,0.5065847068486987,1,0.2752572946495216,0,0.0,0,1.0,1,0.0,0,0.96875,1,0.0,0,0.0725,0,0.06,0,0.1,0,1.0,1,0.057,0,1.0,1,0.06,0,1.0,1,0.92,1,0.0,0,0.0,0,0.07875,0,1.0,1,1.0,1,0.11,0,0.48775687841249243,0,0.6236201962853073,1,0.0,0,0.10375,0,0.0,0,0.81,1,0.94,1,0.44514691965520153,0,1.0,1,0.09,0,0.97,1,1.0,1,0.0,0,0.0,0,0.46989384205416024,0
0.6360210656097581,1,0.29,0,0.93,1,0.0,0,0.0,0,0.4576970552646953,0,0.5436901136828544,1,0.93,1,0.4665445019747554,0,0.114,0,1.0,1,0.0,0,0.0,0,0.45586153016422254,1,0.5817137005183824,1,1.0,1,0.0,0,0.0,0,0.9425,1,1.0,1,0.08625,0,0.06,0,0.94,1,0.0,0,0.899,1,0.0,0,0.82,1,0.0,0,0.17,0,1.0,1,0.0,0,0.065,0,1.0,1,0.0,0,0.79,1,0.4976369848849786,0,0.3563041215687087,0,0.0,0,0.14625,0,1.0,1,0.77,1,0.99,1,0.6276011685977058,1,1.0,1,0.81,1,0.79,1,1.0,1,1.0,1,0.0,0,0.5303961427547276,1
0.7185416282151016,1,0.8,1,0.13,0,0.0,0,1.0,1,0.5270526546412232,1,0.500381048958183,1,0.04,0,0.5809311168334497,1,0.118,0,1.0,1,1.0,1,1.0,1,0.7724469727209616,1,0.7739793077756685,1,1.0,1,0.0,0,0.0,0,0.82625,1,1.0,1,0.195,0,0.97,1,0.96,1,1.0,1,0.052,0,1.0,1,0.94,1,1.0,1,0.96,1,0.0,0,0.0,0,0.92625,1,0.0,0,0.0,0,0.11666666666666667,0,0.5165088902517472,0,0.28679948746413575,0,1.0,1,0.0775,0,0.0,0,0.06,0,0.97,1,0.593298192690159,1,1.0,1,0.8,1,0.17,0,1.0,1,1.0,1,1.0,1,0.5448662071759443,1
0.6235858433432492,1,0.14,0,0.07,0,1.0,1,1.0,1,0.6410080112656873,1,0.5009108008782536,1,0.79,1,0.2767113801502572,0,0.851,1,1.0,1,1.0,1,1.0,1,0.4301065035926513,0,0.5262839744443087,0,0.0,0,1.0,1,1.0,1,0.25625,0,0.0,0,0.7875,1,0.88,1,0.08,0,1.0,1,0.116,0,0.0,0,0.8,1,0.0,0,0.09,0,1.0,1,1.0,1,0.96125,1,0.0,0,0.0,0,0.10333333333333333,0,0.48066659637918213,0,0.7073889740075499,1,1.0,1,0.82,1,0.0,0,0.27,0,0.11,0,0.6144024228268855,1,1.0,1,0.9,1,0.02,0,1.0,1,0.0,0,1.0,1,0.4665996360359768,0
0.678894932663454,1,0.81,1,0.97,1,0.0,0,1.0,1,0.4167224173149704,0,0.4527040199397311,0,0.94,1,0.6745972818084868,1,0.958,1,1.0,1,1.0,1,0.0,0,0.38241729583753825,0,0.281065387623986,0,0.0,0,0.0,0,1.0,1,0.075,0,1.0,1,0.0925,0,0.98,1,0.18,0,0.0,0,0.098,0,1.0,1,0.99,1,1.0,1,0.06,0,0.0,0,1.0,1,0.96,1,1.0,1,1.0,1,0.9233333333333333,1,0.4961542408696669,0,0.6919483349070691,1,1.0,1,0.11,0,0.0,0,0.93,1,0.12,0,0.6118548065760251,1,0.0,0,0.89,1,0.98,1,1.0,1,0.0,0,1.0,1,0.4933857862364884,0
